Age,Attrition,DistanceFromHome,Education,EnvironmentSatisfaction,Gender,JobInvolvement,JobLevel,JobSatisfaction,MonthlyIncome,NumCompaniesWorked,OverTime,PercentSalaryHike,PerformanceRating,RelationshipSatisfaction,StockOptionLevel,TotalWorkingYears,TrainingTimesLastYear,WorkLifeBalance,YearsAtCompany,YearsInCurrentRole,YearsSinceLastPromotion,YearsWithCurrManager,BusinessTravel_Travel_Frequently,BusinessTravel_Travel_Rarely,Department_Research & Development,Department_Sales,EducationField_Life Sciences,EducationField_Marketing,EducationField_Medical,EducationField_Other,EducationField_Technical Degree,JobRole_Human Resources,JobRole_Laboratory Technician,JobRole_Manager,JobRole_Manufacturing Director,JobRole_Research Director,JobRole_Research Scientist,JobRole_Sales Executive,JobRole_Sales Representative,MaritalStatus_Married,MaritalStatus_Single
37,1,2,2,4,1,2,1,3,2090,6,1,15,3,2,0,7,3,3,0,0,0,0,0,1,1,0,0,0,0,1,0,0,1,0,0,0,0,0,0,0,1
33,0,3,4,4,0,3,1,3,2909,1,1,11,3,3,0,8,3,3,8,7,3,0,1,0,1,0,1,0,0,0,0,0,0,0,0,0,1,0,0,1,0
32,0,2,2,4,1,3,1,4,3068,0,0,13,3,3,0,8,2,2,7,7,3,6,1,0,1,0,1,0,0,0,0,0,1,0,0,0,0,0,0,0,1
36,0,27,3,3,1,3,2,3,5237,6,0,13,3,2,2,17,3,2,7,7,7,7,0,1,1,0,0,0,1,0,0,0,0,0,0,0,0,0,0,1,0
29,0,15,2,4,0,2,2,3,4193,0,1,12,3,4,0,10,3,3,9,5,0,8,0,1,1,0,1,0,0,0,0,0,1,0,0,0,0,0,0,0,1
31,0,26,1,1,1,3,1,3,2911,1,0,17,3,4,1,5,1,2,5,2,4,3,0,1,1,0,1,0,0,0,0,0,0,0,0,0,1,0,0,0,0
34,0,19,2,2,1,3,1,4,2661,0,0,11,3,3,1,3,2,3,2,2,1,2,0,1,1,0,0,0,1,0,0,0,1,0,0,0,0,0,0,0,0
28,1,24,3,3,1,2,1,3,2028,5,1,14,3,2,0,6,4,3,4,2,0,3,0,1,1,0,1,0,0,0,0,0,1,0,0,0,0,0,0,0,1
22,0,16,2,4,1,4,1,4,2935,1,1,13,3,2,2,1,2,2,1,0,0,0,0,0,1,0,0,0,1,0,0,0,1,0,0,0,0,0,0,0,0
38,0,2,3,4,1,3,1,4,3944,5,1,11,3,3,0,6,3,3,3,2,1,2,0,1,1,0,1,0,0,0,0,0,0,0,0,0,1,0,0,0,1
34,0,7,4,1,0,3,3,2,11994,0,0,11,3,3,0,13,4,3,12,6,2,11,0,1,1,0,1,0,0,0,0,0,0,0,0,1,0,0,0,0,1
34,1,6,1,2,1,3,1,1,2960,2,0,11,3,3,0,8,2,3,4,2,1,3,0,1,1,0,0,0,1,0,0,0,0,0,0,0,1,0,0,0,1
42,0,8,4,3,1,3,2,2,6825,0,0,11,3,4,1,10,2,3,9,7,4,2,0,1,0,1,0,1,0,0,0,0,0,0,0,0,0,1,0,1,0
33,0,2,3,3,1,3,1,4,2496,4,0,11,3,4,0,7,3,3,1,1,0,0,0,1,1,0,0,0,1,0,0,0,1,0,0,0,0,0,0,0,1
24,1,1,3,2,1,3,1,4,2293,2,1,16,3,1,1,6,2,2,2,0,2,0,0,1,1,0,0,0,1,0,0,0,0,0,0,0,1,0,0,1,0
43,0,2,2,4,0,4,1,3,2645,1,0,12,3,4,2,6,3,2,5,3,1,4,0,1,1,0,0,0,1,0,0,0,0,0,0,0,1,0,0,0,0
50,1,3,2,1,1,2,1,3,2683,1,1,14,3,3,0,3,2,3,3,2,0,2,0,1,0,1,0,1,0,0,0,0,0,0,0,0,0,0,1,1,0
35,0,2,3,4,0,3,1,4,2014,1,0,13,3,1,0,2,3,3,2,2,2,2,0,1,0,1,0,1,0,0,0,0,0,0,0,0,0,0,1,1,0
33,0,1,3,3,0,4,2,1,5376,2,0,19,3,1,2,10,3,3,5,3,1,3,1,0,0,1,1,0,0,0,0,0,0,0,0,0,0,1,0,1,0
35,0,4,2,3,1,3,1,4,1951,1,0,12,3,3,1,1,3,3,1,0,0,0,0,1,1,0,0,0,0,1,0,0,1,0,0,0,0,0,0,0,0
26,1,25,3,1,1,1,1,3,2293,1,0,12,3,3,0,1,2,2,1,0,0,1,0,1,1,0,1,0,0,0,0,0,1,0,0,0,0,0,0,0,1
35,0,8,1,4,1,4,1,4,2269,1,0,19,3,4,0,1,2,3,1,0,0,1,0,1,1,0,1,0,0,0,0,0,1,0,0,0,0,0,0,1,0
28,1,5,4,3,1,3,1,3,3441,1,1,13,3,3,0,2,3,2,2,2,2,2,0,1,1,0,0,0,0,0,1,0,1,0,0,0,0,0,0,0,1
35,0,11,2,3,1,2,3,1,9884,2,1,13,3,3,1,10,3,3,4,0,2,3,0,0,1,0,0,0,1,0,0,0,0,0,0,0,0,0,0,1,0
26,0,23,3,3,0,2,2,4,4157,7,1,19,3,3,1,5,2,2,2,2,0,0,0,1,0,1,0,1,0,0,0,0,0,0,0,0,0,1,0,1,0
35,0,23,4,3,0,3,1,1,4014,3,1,15,3,3,1,4,3,3,2,2,2,2,0,1,1,0,0,0,1,0,0,0,1,0,0,0,0,0,0,1,0
37,0,1,4,1,1,2,2,3,5993,1,0,18,3,3,1,7,2,4,7,5,0,7,0,1,1,0,1,0,0,0,0,0,0,0,1,0,0,0,0,0,0
36,0,11,3,2,1,2,2,2,6499,1,0,13,3,3,0,6,3,3,6,5,0,3,1,0,1,0,1,0,0,0,0,0,0,0,1,0,0,0,0,0,1
45,0,7,3,2,1,3,3,1,9724,2,0,17,3,3,1,25,2,3,1,0,0,0,0,1,1,0,1,0,0,0,0,0,0,0,0,0,1,0,0,0,0
35,0,1,3,2,1,3,1,1,2194,4,0,13,3,4,1,5,2,2,3,2,1,2,1,0,1,0,0,0,1,0,0,0,0,0,0,0,1,0,0,1,0
59,0,1,1,1,0,2,2,3,5473,7,0,11,3,4,0,20,2,2,4,3,1,3,1,0,0,1,1,0,0,0,0,0,0,0,0,0,0,1,0,0,1
31,0,1,4,3,1,3,1,2,2501,1,0,17,3,2,0,1,4,3,1,1,1,0,0,1,1,0,0,0,1,0,0,0,0,0,0,0,1,0,0,0,1
32,0,1,3,2,1,3,2,2,6220,1,0,17,3,2,2,10,3,3,10,4,0,9,0,1,1,0,1,0,0,0,0,0,0,0,0,0,1,0,0,1,0
36,0,6,3,2,0,4,1,4,3038,3,0,12,3,2,0,5,3,3,1,0,0,0,0,1,1,0,1,0,0,0,0,0,1,0,0,0,0,0,0,1,0
35,0,1,4,3,1,2,2,1,4312,0,0,14,3,2,0,16,2,3,15,13,2,8,0,1,0,1,0,1,0,0,0,0,0,0,0,0,0,1,0,0,1
45,0,6,4,4,1,3,3,1,13245,4,1,14,3,2,0,17,3,4,0,0,0,0,0,1,1,0,0,0,0,1,0,0,0,0,0,1,0,0,0,1,0
37,0,7,4,1,1,3,3,3,13664,4,0,13,3,1,0,16,3,4,5,2,0,2,0,1,1,0,0,0,1,0,0,0,0,0,0,1,0,0,0,0,1
30,0,1,1,4,1,2,2,4,5126,1,1,12,3,3,2,10,1,2,10,8,3,0,0,1,1,0,1,0,0,0,0,0,1,0,0,0,0,0,0,1,0
35,0,1,3,2,1,2,1,3,2859,1,0,18,3,1,0,6,3,3,6,4,0,4,0,1,1,0,0,0,1,0,0,0,0,0,0,0,1,0,0,0,1
55,0,1,2,1,1,3,3,4,10239,3,0,14,3,4,1,24,4,3,1,0,1,0,0,1,0,1,1,0,0,0,0,0,0,0,0,0,0,1,0,1,0
34,0,1,2,1,1,3,2,2,4325,1,0,15,3,3,0,5,2,3,5,2,1,3,0,1,1,0,0,0,1,0,0,0,0,0,1,0,0,0,0,1,0
23,0,2,1,3,1,3,1,1,2322,3,0,13,3,3,1,3,3,3,0,0,0,0,0,1,0,1,0,0,0,0,1,0,0,0,0,0,0,0,1,0,0
46,1,9,2,3,1,2,3,4,9619,1,0,16,3,4,0,9,3,3,9,8,4,7,0,1,0,1,0,0,1,0,0,0,0,0,0,0,0,1,0,0,1
28,0,4,3,2,1,3,2,3,4221,1,0,15,3,2,0,5,3,4,5,4,0,4,0,0,0,1,0,0,1,0,0,0,0,0,0,0,0,1,0,1,0
44,0,23,3,2,1,3,2,2,2042,4,0,12,3,3,1,17,3,4,3,2,1,2,0,0,1,0,0,0,1,0,0,0,1,0,0,0,0,0,0,1,0
32,0,1,1,4,1,3,1,1,2956,1,0,13,3,4,0,1,2,3,1,0,0,0,0,1,1,0,1,0,0,0,0,0,0,0,0,0,1,0,0,0,1
34,0,6,4,1,0,3,2,3,4809,1,0,14,3,3,0,16,3,3,16,13,2,10,0,1,1,0,0,0,0,1,0,0,0,0,0,0,1,0,0,0,1
37,0,2,2,3,1,2,2,4,5163,5,0,14,3,4,1,17,2,4,1,0,0,0,0,0,1,0,1,0,0,0,0,0,0,0,0,0,0,0,0,0,0
25,1,5,3,3,1,2,2,3,5744,1,1,11,3,4,0,6,1,3,6,4,0,3,0,1,0,1,0,1,0,0,0,0,0,0,0,0,0,1,0,0,1
25,0,7,1,4,1,2,1,4,2889,1,0,11,3,3,2,2,2,3,2,2,2,1,0,1,1,0,0,0,1,0,0,0,0,0,0,0,1,0,0,1,0
24,0,18,1,2,1,3,1,3,2774,0,0,12,3,3,1,6,2,3,5,3,1,2,0,1,1,0,1,0,0,0,0,0,1,0,0,0,0,0,0,1,0
34,0,6,4,3,0,2,2,2,4505,6,0,15,3,3,1,12,3,3,1,0,0,0,0,1,1,0,1,0,0,0,0,0,0,0,0,0,1,0,0,0,0
37,0,3,3,3,1,3,3,4,7428,2,0,12,3,1,0,12,3,3,5,3,1,3,0,1,0,1,1,0,0,0,0,0,0,0,0,0,0,1,0,0,1
33,0,22,2,3,1,3,2,2,6146,0,0,13,3,1,1,8,2,4,7,7,0,7,0,0,0,1,0,1,0,0,0,0,0,0,0,0,0,1,0,1,0
31,1,6,4,2,1,1,2,3,6172,4,1,18,3,2,0,12,3,2,7,7,7,7,0,1,0,1,1,0,0,0,0,0,0,0,0,0,0,1,0,1,0
26,0,6,3,3,0,2,1,2,2368,1,0,19,3,3,0,5,3,2,5,4,4,3,0,1,1,0,0,0,0,1,0,0,0,0,0,0,1,0,0,1,0
19,1,22,1,4,1,3,1,3,1675,1,1,19,3,4,0,0,2,2,0,0,0,0,0,1,0,1,0,1,0,0,0,0,0,0,0,0,0,0,1,0,1
22,0,2,1,3,1,3,1,4,2523,0,0,14,3,3,1,3,2,3,2,1,2,1,0,1,1,0,0,0,0,0,1,0,1,0,0,0,0,0,0,1,0
49,0,20,4,3,0,3,2,1,6567,1,0,14,3,3,0,16,2,2,15,11,5,11,0,1,1,0,0,0,1,0,0,0,0,0,1,0,0,0,0,1,0
43,0,28,3,2,0,4,1,3,4739,4,0,12,3,4,0,18,2,3,3,2,1,2,1,0,1,0,0,0,1,0,0,0,0,0,0,0,1,0,0,0,1
50,0,12,3,3,0,3,3,4,9208,4,0,11,3,4,0,16,3,3,2,2,2,1,1,0,0,1,0,1,0,0,0,0,0,0,0,0,0,1,0,0,1
31,1,20,3,2,0,1,2,3,4559,3,1,11,3,3,1,4,2,3,2,2,2,2,0,1,0,1,1,0,0,0,0,0,0,0,0,0,0,1,0,1,0
41,0,9,1,3,1,3,3,3,8189,3,1,13,3,3,1,12,2,3,9,7,0,7,0,1,0,1,1,0,0,0,0,0,0,0,0,0,0,1,0,0,0
51,1,8,4,1,1,1,3,4,10650,2,0,15,3,4,0,18,2,3,4,2,0,3,1,0,1,0,1,0,0,0,0,0,0,0,1,0,0,0,0,0,1
39,0,4,4,4,0,2,2,3,5902,4,0,14,3,3,1,17,1,4,15,11,5,9,0,1,0,1,1,0,0,0,0,0,0,0,0,0,0,1,0,1,0
25,0,28,3,1,1,2,2,3,8639,2,0,18,3,4,0,6,3,3,2,2,2,2,0,1,0,1,1,0,0,0,0,0,0,0,0,0,0,1,0,1,0
30,0,9,3,3,1,3,2,4,6347,0,1,19,3,4,0,12,2,1,11,9,4,7,0,1,0,0,0,0,0,0,0,1,0,0,0,0,0,0,0,1,0
45,0,29,3,3,1,3,1,4,3452,5,0,13,3,2,0,9,2,2,6,5,0,3,0,1,1,0,0,0,1,0,0,0,0,0,0,0,1,0,0,0,1
30,0,18,3,1,0,3,1,3,2632,1,0,14,3,3,0,5,4,2,5,4,0,4,0,1,1,0,1,0,0,0,0,0,0,0,0,0,1,0,0,0,1
30,0,5,3,4,0,3,1,1,3204,5,0,14,3,4,1,8,3,3,3,2,2,2,0,1,1,0,0,0,0,0,1,0,0,0,0,0,1,0,0,0,0
30,0,2,1,2,1,2,1,4,2720,0,0,13,3,4,0,6,3,3,5,3,1,2,0,1,1,0,0,0,1,0,0,0,1,0,0,0,0,0,0,0,1
19,0,3,1,2,0,3,1,2,1483,1,0,14,3,4,0,1,3,3,1,0,0,0,0,1,1,0,0,0,1,0,0,0,1,0,0,0,0,0,0,0,1
35,0,1,5,3,1,3,3,2,7295,1,0,13,3,1,2,10,3,3,10,8,0,6,0,1,0,1,0,1,0,0,0,0,0,0,0,0,0,1,0,1,0
32,0,8,3,2,0,3,3,4,8998,1,0,14,3,4,0,9,2,3,9,8,3,7,1,0,0,1,0,1,0,0,0,0,0,0,0,0,0,1,0,0,1
29,0,1,1,4,1,3,2,3,4319,1,0,13,3,1,1,10,1,3,10,7,0,9,0,0,1,0,0,0,0,0,1,0,0,0,1,0,0,0,0,1,0
51,0,7,4,2,1,2,2,3,6132,2,0,17,3,3,0,10,2,3,1,0,0,0,0,1,1,0,0,0,1,0,0,0,0,0,1,0,0,0,0,1,0
40,0,4,4,3,1,2,3,4,10855,7,0,11,3,1,1,15,2,2,12,11,2,11,0,1,0,1,0,1,0,0,0,0,0,0,0,0,0,1,0,1,0
34,0,2,4,3,0,3,1,3,2231,6,0,18,3,4,1,6,3,3,4,3,1,2,1,0,0,1,0,1,0,0,0,0,0,0,0,0,0,0,1,1,0
27,0,9,3,4,1,3,1,2,2024,6,0,18,3,4,1,6,1,1,2,2,2,2,0,0,1,0,0,0,1,0,0,0,0,0,0,0,1,0,0,0,0
28,0,21,3,3,1,3,1,4,2713,1,0,11,3,3,1,5,2,1,5,2,0,2,0,1,1,0,0,0,1,0,0,0,0,0,0,0,1,0,0,1,0
57,0,24,2,3,1,4,3,4,9439,3,1,16,3,2,1,12,2,1,5,3,1,4,0,1,1,0,1,0,0,0,0,0,0,0,0,0,0,0,0,0,0
27,0,3,3,3,1,2,1,3,2566,1,1,15,3,4,1,1,2,2,1,1,0,1,0,0,1,0,0,0,1,0,0,0,0,0,0,0,1,0,0,0,0
41,0,14,3,1,1,3,1,3,2451,4,0,12,3,1,1,13,2,3,9,8,1,8,0,1,1,0,1,0,0,0,0,0,0,0,0,0,1,0,0,0,0
30,0,5,3,2,0,3,3,4,9419,2,0,12,3,3,1,12,2,3,10,9,7,4,0,1,0,1,1,0,0,0,0,0,0,0,0,0,0,1,0,1,0
27,0,17,3,3,1,3,1,2,3058,0,1,16,3,4,1,6,3,2,5,2,1,1,0,1,1,0,0,0,0,0,1,0,0,0,0,0,1,0,0,1,0
36,0,3,2,4,1,3,1,2,2088,4,0,12,3,3,0,13,3,2,8,7,7,2,1,0,1,0,0,0,1,0,0,0,1,0,0,0,0,0,0,0,1
30,0,9,3,3,1,3,2,1,3072,1,0,11,3,3,2,12,4,3,12,9,6,10,0,0,1,0,0,0,1,0,0,0,1,0,0,0,0,0,0,0,0
45,0,4,2,3,0,3,2,1,5006,4,1,11,3,1,1,9,3,4,5,4,0,3,0,1,0,1,1,0,0,0,0,0,0,0,0,0,0,1,0,0,0
56,0,8,3,3,0,3,1,1,4257,4,1,18,3,3,1,19,3,3,2,2,2,2,0,1,1,0,1,0,0,0,0,0,0,0,0,0,1,0,0,0,0
33,0,2,3,3,1,3,1,4,2500,0,0,14,3,1,0,4,2,4,3,1,0,2,0,1,1,0,1,0,0,0,0,0,0,0,0,0,1,0,0,0,1
38,0,9,2,3,0,3,1,4,2288,1,0,12,3,3,0,2,3,3,2,2,2,1,0,1,1,0,1,0,0,0,0,0,1,0,0,0,0,0,0,0,1
34,0,27,2,4,0,3,1,2,2311,2,0,15,3,4,0,9,3,3,3,2,1,2,0,1,1,0,0,0,1,0,0,0,0,0,0,0,1,0,0,0,1
50,0,1,3,3,1,2,1,3,3690,2,0,15,3,4,1,5,2,2,3,2,0,2,0,1,1,0,0,0,1,0,0,0,1,0,0,0,0,0,0,1,0
53,0,13,2,4,0,4,2,1,4450,1,0,11,3,3,2,5,3,3,4,2,1,3,0,1,1,0,0,0,1,0,0,0,0,0,1,0,0,0,0,0,0
34,0,2,1,4,1,2,2,3,9547,1,0,17,3,3,0,10,2,2,10,9,1,9,1,0,1,0,1,0,0,0,0,0,0,0,1,0,0,0,0,1,0
27,0,9,3,4,0,3,1,2,2279,1,0,16,3,4,0,7,2,2,7,7,0,3,0,1,1,0,0,0,1,0,0,0,0,0,0,0,1,0,0,0,1
35,1,23,2,2,1,2,2,3,5916,3,1,13,3,1,0,8,1,3,1,0,0,1,0,1,1,0,1,0,0,0,0,0,0,0,1,0,0,0,0,1,0
37,0,21,3,2,1,4,1,1,3564,1,1,12,3,1,1,8,3,2,8,7,1,7,0,1,1,0,1,0,0,0,0,0,0,0,0,0,1,0,0,1,0
38,0,29,3,4,1,3,2,4,6261,3,0,18,3,1,1,9,3,1,7,7,1,7,0,1,1,0,0,0,0,0,1,0,0,0,1,0,0,0,0,1,0
27,0,1,1,3,1,2,2,1,4298,5,0,19,3,3,1,6,1,3,2,2,2,0,1,0,1,0,0,0,0,0,1,0,0,0,1,0,0,0,0,1,0
34,0,10,4,4,1,3,1,3,3815,1,1,17,3,4,1,5,4,4,5,3,2,0,1,0,1,0,0,0,1,0,0,0,0,0,0,0,1,0,0,0,0
40,0,19,2,3,1,3,2,4,2741,8,1,15,3,3,1,15,2,4,7,2,3,7,0,1,1,0,0,0,1,0,0,0,1,0,0,0,0,0,0,1,0
38,1,29,1,2,1,3,2,1,6673,7,1,19,3,2,0,17,2,3,1,0,0,0,0,1,1,0,0,0,1,0,0,0,0,0,0,0,0,0,0,1,0
22,0,5,3,4,1,4,1,2,2328,1,1,16,3,1,1,4,2,2,4,2,2,2,0,1,1,0,1,0,0,0,0,0,0,0,0,0,1,0,0,0,0
36,0,18,1,2,0,3,1,4,2153,1,0,13,3,1,0,8,2,3,8,1,1,7,1,0,1,0,0,0,1,0,0,0,1,0,0,0,0,0,0,0,1
46,0,1,4,4,1,3,3,1,9396,7,0,16,3,3,1,17,3,3,4,2,0,3,0,1,1,0,0,0,1,0,0,0,0,0,0,0,0,0,0,0,0
27,0,20,3,4,0,3,2,3,9981,1,0,14,3,4,0,7,2,3,7,7,0,7,1,0,0,1,1,0,0,0,0,0,0,0,0,0,0,1,0,0,1
41,0,6,3,4,0,3,3,4,13591,3,1,18,3,3,0,16,3,3,1,0,0,0,0,1,0,1,1,0,0,0,0,0,0,1,0,0,0,0,0,0,1
29,1,1,3,3,1,3,1,3,2058,0,0,14,3,4,0,7,1,2,6,2,1,5,0,1,1,0,0,0,0,0,1,0,0,0,0,0,1,0,0,0,1
54,0,3,3,4,0,3,2,1,5940,2,0,14,3,4,1,16,4,3,6,2,0,5,0,1,0,1,0,1,0,0,0,0,0,0,0,0,0,1,0,1,0
36,0,5,2,4,1,3,2,2,5914,8,0,16,3,4,0,16,3,4,13,11,3,7,0,1,1,0,1,0,0,0,0,0,1,0,0,0,0,0,0,0,1
31,0,1,4,3,1,1,2,3,4345,0,0,12,3,4,1,6,2,3,5,4,1,4,0,0,1,0,0,0,1,0,0,0,0,0,1,0,0,0,0,1,0
37,0,4,4,1,1,3,1,4,2793,4,0,17,3,3,1,13,2,3,9,8,5,8,1,0,0,1,0,1,0,0,0,0,0,0,0,0,0,0,1,0,0
35,0,1,3,3,0,3,3,3,8789,1,0,14,3,1,0,10,3,4,10,7,0,8,1,0,0,1,0,1,0,0,0,0,0,0,0,0,0,1,0,0,1
29,1,18,1,3,1,2,1,4,2389,1,1,13,3,3,0,4,3,2,4,3,0,1,0,1,1,0,0,0,1,0,0,0,0,0,0,0,1,0,0,0,1
52,0,2,3,3,0,2,1,4,3212,7,0,15,3,2,0,6,3,2,2,2,2,2,0,1,1,0,1,0,0,0,0,0,1,0,0,0,0,0,0,0,1
59,0,6,2,2,1,3,1,3,2267,8,0,17,3,4,0,7,2,2,2,2,2,2,0,1,0,0,0,0,1,0,0,1,0,0,0,0,0,0,0,1,0
33,1,14,3,3,1,3,1,4,2436,5,1,13,3,3,1,8,2,1,5,4,0,4,0,1,1,0,0,0,1,0,0,0,1,0,0,0,0,0,0,1,0
32,1,1,3,4,1,2,1,3,3730,0,1,14,3,4,0,4,2,1,3,2,1,2,0,1,1,0,1,0,0,0,0,0,1,0,0,0,0,0,0,0,1
32,0,26,4,3,1,3,2,4,4465,0,0,18,3,1,0,4,2,3,3,2,2,2,0,0,0,1,0,1,0,0,0,0,0,0,0,0,0,1,0,1,0
41,0,19,2,3,1,3,2,1,3072,2,0,16,3,1,2,17,2,2,1,0,0,0,0,1,1,0,1,0,0,0,0,0,0,0,0,0,1,0,0,0,0
40,0,24,2,1,1,3,2,4,3319,1,0,17,3,1,2,9,3,3,9,8,4,7,0,1,1,0,0,0,0,0,1,0,0,0,0,0,1,0,0,0,0
33,0,5,4,3,0,2,1,4,2911,1,0,13,3,3,1,2,2,2,2,2,0,2,0,1,1,0,1,0,0,0,0,0,0,0,0,0,1,0,0,1,0
34,0,2,4,4,1,2,2,1,5957,6,0,13,3,2,1,13,3,3,11,9,5,9,0,1,1,0,1,0,0,0,0,0,0,0,1,0,0,0,0,1,0
37,0,1,2,3,0,2,1,1,3920,2,0,14,3,1,1,17,2,2,3,1,0,2,0,1,1,0,0,0,1,0,0,0,0,0,0,0,1,0,0,1,0
45,0,7,4,1,1,4,2,3,6434,4,0,17,3,4,1,9,1,3,3,2,0,2,1,0,1,0,1,0,0,0,0,0,0,0,1,0,0,0,0,1,0
29,0,15,3,3,1,3,1,4,2340,1,0,19,3,1,0,6,1,3,6,5,1,5,0,1,1,0,1,0,0,0,0,0,0,0,0,0,1,0,0,0,1
42,0,17,2,4,0,4,2,1,6545,3,1,13,3,3,0,10,1,3,3,2,0,2,0,1,1,0,1,0,0,0,0,0,0,0,0,0,1,0,0,0,1
29,0,20,2,4,1,3,2,4,6931,2,0,14,3,4,1,10,2,3,3,2,0,2,0,1,0,1,0,1,0,0,0,0,0,0,0,0,0,1,0,0,0
25,0,1,3,1,0,3,2,3,4898,0,0,12,3,4,2,5,3,3,4,2,1,2,0,1,1,0,1,0,0,0,0,0,0,0,1,0,0,0,0,1,0
42,0,2,3,4,0,2,1,1,2593,0,1,11,3,3,1,10,4,3,9,6,7,8,0,1,1,0,0,0,1,0,0,0,1,0,0,0,0,0,0,0,0
31,1,29,2,3,1,2,1,2,3479,0,0,11,3,2,0,6,2,4,5,4,1,4,1,0,1,0,0,0,1,0,0,0,1,0,0,0,0,0,0,0,1
29,0,2,3,1,1,2,2,2,6644,2,0,19,3,2,2,10,2,3,0,0,0,0,0,1,0,1,0,0,1,0,0,0,0,0,0,0,0,1,0,1,0
25,0,5,2,2,1,4,2,1,4000,1,0,12,3,4,2,6,2,3,6,3,1,5,0,0,1,0,1,0,0,0,0,0,0,0,0,0,0,0,0,0,0
21,0,3,2,4,1,2,1,3,3230,1,0,17,3,1,0,3,4,4,3,2,1,0,0,1,1,0,0,0,1,0,0,0,0,0,0,0,1,0,0,0,1
37,0,1,4,1,0,3,3,4,13603,2,1,18,3,1,2,15,2,3,5,2,0,2,0,0,1,0,0,0,1,0,0,0,0,0,0,1,0,0,0,0,0
29,0,2,2,2,1,3,2,4,4554,1,0,18,3,1,0,10,3,2,10,7,0,9,1,0,0,1,1,0,0,0,0,0,0,0,0,0,0,1,0,0,1
55,0,20,2,2,1,3,2,4,5415,3,1,19,3,4,1,12,4,3,10,7,0,8,0,1,1,0,0,0,0,0,1,0,1,0,0,0,0,0,0,1,0
26,0,11,2,1,1,3,2,1,4741,1,1,13,3,3,1,5,3,3,5,3,3,3,1,0,1,0,0,0,1,0,0,0,0,0,0,0,0,0,0,1,0
37,0,1,3,4,0,3,1,4,2115,1,0,12,3,2,0,17,3,3,17,12,5,7,0,1,1,0,1,0,0,0,0,0,0,0,0,0,1,0,0,0,1
26,1,16,4,1,1,3,1,2,2373,2,1,13,3,4,1,5,2,3,3,2,0,2,0,1,1,0,0,0,1,0,0,0,1,0,0,0,0,0,0,0,0
36,0,3,3,3,1,3,2,2,4485,4,0,12,3,4,0,10,2,3,8,0,7,7,0,1,1,0,0,0,0,0,1,0,0,0,0,0,1,0,0,0,1
18,1,3,3,3,1,3,1,3,1420,1,0,13,3,3,0,0,2,3,0,0,0,0,0,1,1,0,1,0,0,0,0,0,1,0,0,0,0,0,0,0,1
35,0,16,3,3,1,3,3,2,8020,0,0,15,3,3,2,12,3,2,11,9,6,9,0,1,0,1,0,1,0,0,0,0,0,0,0,0,0,1,0,1,0
36,0,18,4,3,1,4,1,4,3688,4,0,18,3,4,2,4,2,3,1,0,0,0,1,0,1,0,1,0,0,0,0,0,1,0,0,0,0,0,0,1,0
51,0,2,3,4,1,1,2,2,5482,5,0,18,3,4,1,13,3,3,4,1,1,2,0,1,1,0,0,0,1,0,0,0,0,0,1,0,0,0,0,0,0
18,0,10,3,4,0,2,1,3,1200,1,0,12,3,1,0,0,2,3,0,0,0,0,0,1,0,1,0,0,1,0,0,0,0,0,0,0,0,0,1,0,1
28,0,16,2,2,1,4,2,1,5661,0,0,19,3,3,0,9,2,3,8,3,0,7,0,1,1,0,0,0,1,0,0,0,0,0,0,0,0,0,0,0,1
31,0,7,3,2,1,4,2,4,6929,4,0,11,3,2,1,10,3,2,8,7,7,7,0,1,0,1,0,0,0,0,1,0,0,0,0,0,0,1,0,1,0
36,0,24,4,2,0,3,2,2,5674,7,0,15,3,3,1,11,3,3,9,8,0,8,0,0,1,0,1,0,0,0,0,0,1,0,0,0,0,0,0,1,0
32,0,7,3,4,1,2,2,3,5484,1,0,14,3,3,1,13,3,2,13,8,4,8,0,1,0,1,1,0,0,0,0,0,0,0,0,0,0,1,0,1,0
38,0,25,2,1,0,2,3,2,12061,3,0,17,3,3,1,19,2,3,10,8,0,1,0,1,1,0,1,0,0,0,0,0,0,0,0,1,0,0,0,1,0
58,0,1,4,4,1,1,2,3,5660,2,1,13,3,4,1,12,2,3,5,3,1,2,0,0,1,0,1,0,0,0,0,0,0,0,0,0,0,0,0,0,0
31,0,5,4,3,1,3,1,4,4821,0,1,12,3,3,1,6,4,3,5,2,0,3,0,1,1,0,0,0,0,0,1,0,0,0,0,0,1,0,0,1,0
31,0,2,3,1,1,2,2,1,6410,3,0,12,3,4,0,9,1,3,2,2,1,0,0,1,0,0,0,0,0,0,0,1,0,0,0,0,0,0,0,1,0
31,0,2,4,3,1,3,1,4,2695,0,1,18,3,2,1,3,2,1,2,2,2,2,0,1,1,0,1,0,0,0,0,0,0,0,0,0,1,0,0,0,0
49,0,1,2,3,0,2,4,3,13964,7,1,12,3,4,0,25,2,3,7,1,0,7,0,1,1,0,0,0,0,0,1,0,0,0,0,0,0,0,0,0,1
52,1,8,4,3,1,2,2,2,4941,2,0,15,3,1,0,11,3,2,8,2,7,7,0,1,1,0,0,0,1,0,0,0,0,0,0,0,1,0,0,1,0
27,0,5,3,3,0,3,1,2,2478,1,1,12,3,2,0,4,2,2,4,3,1,2,0,1,1,0,1,0,0,0,0,0,0,0,0,0,1,0,0,0,1
27,0,2,3,4,1,3,2,3,4478,1,1,11,3,1,0,5,3,3,5,4,0,4,0,1,0,1,1,0,0,0,0,0,0,0,0,0,0,1,0,0,1
28,1,2,4,1,1,1,1,4,3464,5,1,13,3,4,0,5,4,2,3,2,2,2,0,1,1,0,0,0,1,0,0,0,0,0,0,0,1,0,0,1,0
30,0,28,2,4,0,3,2,4,5775,1,0,13,3,4,2,11,2,3,10,8,1,9,0,1,1,0,0,0,1,0,0,0,0,0,0,0,1,0,0,1,0
39,1,3,2,4,0,3,2,3,5238,4,1,18,3,1,0,12,3,2,1,0,0,0,0,1,0,1,0,0,1,0,0,0,0,0,0,0,0,1,0,1,0
43,0,10,4,3,0,2,2,3,5257,1,0,11,3,2,1,9,3,4,9,7,0,0,1,0,1,0,1,0,0,0,0,0,1,0,0,0,0,0,0,0,0
54,0,20,4,4,0,3,2,3,4869,3,0,12,3,4,0,20,4,2,4,3,0,3,1,0,1,0,1,0,0,0,0,0,0,0,0,0,1,0,0,0,1
43,0,7,3,3,0,3,3,1,9985,8,0,16,3,1,1,10,1,2,1,0,0,0,0,1,1,0,1,0,0,0,0,0,0,0,0,0,0,0,0,1,0
29,1,8,4,2,1,1,1,1,2119,1,1,11,3,4,0,7,4,2,7,7,0,7,0,1,1,0,0,0,0,1,0,0,1,0,0,0,0,0,0,1,0
29,0,9,5,2,1,2,1,4,3983,0,0,17,3,3,0,4,2,3,3,2,2,2,0,1,1,0,0,0,0,1,0,0,1,0,0,0,0,0,0,0,1
27,0,8,4,2,0,3,2,2,6214,1,0,18,3,1,1,8,3,3,8,7,0,7,0,1,0,1,0,1,0,0,0,0,0,0,0,0,0,1,0,1,0
37,0,5,2,4,1,3,2,4,6347,7,0,16,3,3,2,8,2,2,6,2,0,4,0,1,1,0,0,0,1,0,0,0,0,0,1,0,0,0,0,0,0
38,0,15,2,3,1,2,3,4,11510,0,1,14,3,2,1,12,3,3,11,10,2,9,0,1,1,0,1,0,0,0,0,0,0,0,0,1,0,0,0,0,0
31,0,7,4,3,0,3,3,4,7143,1,1,14,3,3,0,11,2,2,11,9,4,10,0,1,1,0,0,0,1,0,0,0,0,0,1,0,0,0,0,0,1
29,0,10,1,4,0,2,2,2,8268,1,1,14,3,1,2,7,2,3,7,7,1,7,0,1,0,1,0,1,0,0,0,0,0,0,0,0,0,1,0,0,0
23,0,26,1,3,1,3,1,4,2904,1,0,12,3,3,2,4,2,2,4,2,0,2,0,1,1,0,1,0,0,0,0,0,0,0,0,0,1,0,0,0,0
41,0,6,3,4,1,2,2,2,6032,6,1,15,3,4,0,8,3,3,5,4,1,2,0,1,1,0,0,0,1,0,0,0,0,0,1,0,0,0,0,0,1
47,0,4,1,2,1,3,2,3,2976,3,0,19,3,1,0,5,3,3,0,0,0,0,1,0,0,1,0,0,1,0,0,0,0,0,0,0,0,0,1,0,1
42,0,23,5,1,0,3,4,4,15992,2,0,14,3,2,0,16,2,3,1,0,0,0,0,1,1,0,1,0,0,0,0,0,0,0,0,1,0,0,0,0,1
29,0,2,3,4,1,3,2,3,4649,1,0,14,3,1,1,4,3,2,4,3,0,2,0,0,0,1,1,0,0,0,0,0,0,0,0,0,0,1,0,1,0
32,0,2,3,3,0,3,1,2,2370,1,0,13,3,3,1,8,4,3,8,0,0,7,0,1,1,0,0,0,1,0,0,0,1,0,0,0,0,0,0,1,0
37,0,6,3,3,1,4,2,1,5974,4,1,13,3,1,2,13,2,3,7,7,6,7,0,1,1,0,0,0,1,0,0,0,0,0,0,0,1,0,0,0,0
30,0,25,2,4,0,3,2,3,4736,7,1,12,3,2,1,4,2,4,2,2,2,2,0,0,0,1,0,0,0,0,1,0,0,0,0,0,0,1,0,1,0
26,0,1,3,3,1,3,2,3,5296,1,0,17,3,2,1,8,3,3,8,7,7,7,0,1,0,1,1,0,0,0,0,0,0,0,0,0,0,1,0,1,0
21,1,1,1,1,0,2,1,2,2174,1,1,11,3,3,0,3,3,3,3,2,1,2,1,0,0,1,0,0,0,0,1,0,0,0,0,0,0,0,1,0,1
36,0,3,4,1,1,2,3,4,9699,4,0,11,3,1,1,16,2,3,13,9,1,12,1,0,0,1,0,0,1,0,0,0,0,0,0,0,0,1,0,1,0
57,0,1,4,4,1,3,2,3,6755,2,0,11,3,3,0,15,2,3,3,2,1,2,0,1,1,0,0,0,1,0,0,0,0,0,0,0,0,0,0,1,0
40,0,10,4,4,0,4,1,3,2213,3,1,13,3,3,1,10,3,3,7,7,1,7,0,1,1,0,1,0,0,0,0,0,1,0,0,0,0,0,0,1,0
33,1,5,3,4,0,3,1,3,2851,1,1,13,3,2,0,1,2,3,1,0,0,0,0,1,0,1,0,1,0,0,0,0,0,0,0,0,0,0,1,0,1
46,0,7,4,3,0,3,2,3,5258,2,0,14,3,3,0,7,2,4,1,0,0,0,0,0,1,0,0,0,1,0,0,0,0,0,1,0,0,0,0,1,0
50,0,10,3,4,1,2,3,4,10496,6,0,15,3,4,0,20,2,3,4,3,1,3,0,1,1,0,0,0,0,0,1,0,0,0,0,0,0,0,0,0,1
27,0,1,2,4,1,3,1,2,3816,1,0,11,3,2,1,5,2,3,5,2,0,4,0,1,1,0,0,0,1,0,0,0,1,0,0,0,0,0,0,0,0
28,0,9,4,2,1,3,2,4,5253,1,0,16,3,4,0,7,1,3,7,5,0,7,0,1,0,1,1,0,0,0,0,0,0,0,0,0,0,1,0,0,1
51,0,14,2,3,0,3,2,4,4936,4,0,11,3,3,1,18,2,2,7,7,0,7,0,1,0,1,1,0,0,0,0,0,0,0,0,0,0,1,0,1,0
36,0,2,3,4,0,3,1,3,2543,4,0,13,3,2,1,6,3,3,2,2,2,2,0,1,1,0,1,0,0,0,0,0,0,0,0,0,1,0,0,1,0
34,1,19,3,1,1,4,2,4,5304,8,1,13,3,2,0,9,3,2,5,2,0,4,0,0,0,1,0,1,0,0,0,0,0,0,0,0,0,1,0,0,1
24,0,10,4,4,0,3,2,3,4260,1,1,12,3,4,1,5,2,4,5,2,0,3,0,1,0,1,0,1,0,0,0,0,0,0,0,0,0,1,0,0,0
30,0,2,1,3,1,3,1,2,2476,1,0,18,3,1,1,1,3,3,1,0,0,0,0,1,0,1,0,0,0,0,1,0,0,0,0,0,0,0,1,1,0
22,0,11,3,1,0,3,1,2,2244,1,0,13,3,4,1,2,1,3,2,1,1,2,0,1,1,0,0,0,1,0,0,0,0,0,0,0,1,0,0,1,0
37,0,10,4,3,1,3,2,2,4197,2,1,12,3,4,0,18,2,2,1,0,0,1,0,1,1,0,1,0,0,0,0,0,0,0,1,0,0,0,0,0,1
43,0,8,4,3,0,3,2,3,4522,4,1,14,3,4,0,8,3,3,5,2,0,2,0,1,1,0,0,0,0,1,0,0,0,0,0,0,0,0,0,0,0
25,0,4,2,2,0,2,2,4,4487,1,1,11,3,2,0,5,3,3,5,4,1,3,0,1,0,1,1,0,0,0,0,0,0,0,0,0,0,1,0,0,1
31,0,1,2,4,1,2,1,1,2218,1,0,12,3,3,1,4,3,3,4,2,3,2,0,1,1,0,1,0,0,0,0,0,1,0,0,0,0,0,0,1,0
41,0,1,3,2,1,4,3,1,8392,1,0,16,3,3,1,10,2,3,10,7,0,7,0,1,0,1,0,1,0,0,0,0,0,0,0,0,0,1,0,1,0
28,0,17,2,3,1,3,2,1,4558,1,0,12,3,4,1,10,2,3,10,0,1,8,0,1,1,0,0,0,1,0,0,0,1,0,0,0,0,0,0,0,0
52,0,3,3,4,1,2,3,3,7969,2,1,14,3,3,0,28,4,3,5,4,0,4,0,1,1,0,0,0,1,0,0,0,0,0,1,0,0,0,0,1,0
42,0,29,2,1,0,3,2,3,4556,2,0,11,3,2,1,19,3,3,5,4,0,2,1,0,1,0,1,0,0,0,0,0,0,0,0,0,1,0,0,0,0
24,1,1,1,1,0,3,1,2,3202,1,1,16,3,2,0,6,4,3,5,3,1,4,0,1,0,1,0,0,0,0,1,0,0,0,0,0,0,0,1,0,1
34,1,6,2,4,0,1,1,3,2351,0,0,16,3,4,1,3,3,2,2,2,1,0,1,0,0,1,0,1,0,0,0,0,0,0,0,0,0,0,1,0,0
30,0,3,3,3,1,3,1,4,2097,4,0,15,3,3,1,9,3,1,5,3,1,4,0,0,1,0,1,0,0,0,0,0,1,0,0,0,0,0,0,1,0
29,0,3,4,2,1,2,3,3,11935,1,0,18,3,3,0,10,2,3,10,2,0,7,0,1,1,0,0,0,1,0,0,0,0,0,0,1,0,0,0,1,0
29,1,25,5,3,0,2,1,2,2546,5,0,16,3,2,0,6,2,4,2,2,1,1,0,1,1,0,0,0,0,0,1,0,0,0,0,0,1,0,0,1,0
19,1,2,2,1,1,2,1,4,2564,1,0,12,3,3,0,1,3,4,1,0,0,0,0,1,0,0,0,0,0,0,1,1,0,0,0,0,0,0,0,0,1
30,0,22,4,3,0,3,3,1,8412,0,0,11,3,3,0,10,3,3,9,8,7,8,0,0,0,1,0,0,0,1,0,0,0,0,0,0,0,1,0,1,0
30,0,2,3,3,0,3,1,4,2564,0,0,14,3,3,0,12,2,2,11,7,6,7,0,0,1,0,0,0,1,0,0,0,1,0,0,0,0,0,0,0,1
35,0,22,3,4,1,1,1,3,4230,0,0,15,3,3,0,6,2,3,5,4,4,3,0,1,1,0,1,0,0,0,0,0,1,0,0,0,0,0,0,0,1
54,0,8,4,3,0,3,2,3,3780,7,0,11,3,3,0,19,3,3,1,0,0,0,0,1,1,0,1,0,0,0,0,0,1,0,0,0,0,0,0,0,1
34,0,2,4,4,1,2,1,3,2768,3,0,12,3,3,1,14,3,3,7,3,5,7,0,1,1,0,1,0,0,0,0,0,0,0,0,0,1,0,0,0,0
46,0,10,3,3,0,2,3,4,9071,2,1,19,3,3,1,15,3,3,3,2,1,2,0,1,0,1,0,1,0,0,0,0,0,0,0,0,0,1,0,1,0
33,1,15,1,2,1,3,3,3,13610,7,1,12,3,4,0,15,2,4,7,6,7,7,0,1,1,0,0,0,1,0,0,0,0,1,0,0,0,0,0,1,0
30,0,7,1,4,1,3,1,2,2983,0,0,14,3,1,0,4,3,3,3,2,1,2,0,1,0,1,0,1,0,0,0,0,0,0,0,0,0,0,1,0,1
35,0,16,3,4,1,3,3,3,7632,4,1,12,3,3,0,10,2,3,8,7,0,0,0,1,1,0,1,0,0,0,0,0,0,0,0,0,0,0,0,1,0
31,1,20,3,1,1,3,3,3,9824,3,0,12,3,1,0,12,2,3,1,0,0,0,1,0,1,0,1,0,0,0,0,0,0,0,0,0,0,0,0,1,0
42,0,5,2,2,1,3,1,3,2093,4,0,17,3,4,1,8,4,3,2,2,2,0,1,0,1,0,0,0,0,1,0,0,1,0,0,0,0,0,0,1,0
22,1,4,1,3,1,2,1,3,3894,5,0,16,3,3,0,4,3,3,2,2,1,2,1,0,1,0,0,0,0,0,1,0,1,0,0,0,0,0,0,0,1
48,0,2,5,2,0,3,2,4,4051,2,0,14,3,1,1,14,2,3,9,7,6,7,0,1,0,1,0,1,0,0,0,0,0,0,0,0,0,1,0,1,0
41,0,10,2,4,1,3,2,4,6230,7,0,14,3,4,0,16,3,3,14,3,1,10,0,0,0,1,1,0,0,0,0,0,0,0,0,0,0,1,0,0,1
39,0,8,1,3,0,3,1,3,3755,1,0,11,3,1,1,8,3,3,8,3,0,7,1,0,1,0,1,0,0,0,0,0,1,0,0,0,0,0,0,1,0
31,0,2,1,2,1,3,2,4,6582,4,1,13,3,3,0,10,2,4,6,5,0,5,0,1,0,1,1,0,0,0,0,0,0,0,0,0,0,1,0,0,1
45,0,2,3,4,1,3,2,2,4805,0,0,19,3,2,1,9,3,4,8,7,3,7,0,1,0,1,0,0,0,1,0,0,0,0,0,0,0,1,0,1,0
26,1,17,4,2,0,3,1,3,2741,0,1,11,3,2,1,8,2,2,7,7,1,0,1,0,0,0,1,0,0,0,0,1,0,0,0,0,0,0,0,0,0
29,0,19,3,4,1,3,2,4,4262,4,0,12,3,2,2,8,2,4,3,2,1,2,0,1,1,0,0,0,0,0,1,0,0,0,1,0,0,0,0,0,0
33,0,1,5,1,0,4,4,3,16184,4,0,19,3,3,1,10,2,3,6,1,0,5,0,1,1,0,0,0,1,0,0,0,0,0,0,1,0,0,0,0,0
18,1,5,3,2,1,3,1,2,1878,1,1,14,3,4,0,0,3,3,0,0,0,0,1,0,0,1,0,1,0,0,0,0,0,0,0,0,0,0,1,0,1
40,0,28,3,3,1,1,3,1,10932,3,0,15,3,3,1,20,2,3,1,0,0,1,0,0,0,1,0,0,0,1,0,0,0,0,0,0,0,1,0,0,0
41,0,2,4,1,0,2,2,3,6811,2,1,17,3,1,0,10,3,3,8,7,0,7,0,0,1,0,0,0,0,1,0,0,0,0,0,0,0,0,0,0,1
35,0,1,3,1,0,3,2,3,4859,1,0,16,3,4,0,5,3,3,5,4,0,3,0,1,0,1,0,0,1,0,0,0,0,0,0,0,0,1,0,0,1
34,0,21,4,4,1,4,2,4,5337,1,0,12,3,4,0,10,3,3,10,7,5,7,0,1,0,1,1,0,0,0,0,0,0,0,0,0,0,1,0,0,1
26,1,24,3,3,1,1,1,4,2340,1,1,18,3,2,0,1,3,1,1,0,0,0,0,1,1,0,0,0,0,0,1,0,1,0,0,0,0,0,0,0,1
37,0,1,3,2,0,3,3,4,7491,4,0,17,3,4,0,12,3,4,6,5,1,2,0,1,1,0,0,0,0,0,1,0,0,0,1,0,0,0,0,0,1
46,0,18,1,1,0,3,3,3,10527,5,0,11,3,4,0,28,3,2,2,2,1,2,1,0,1,0,0,0,1,0,0,0,0,0,0,0,0,0,0,1,0
52,0,6,2,4,1,3,2,1,5577,3,1,12,3,2,2,18,3,3,10,9,6,9,0,1,1,0,0,0,0,0,1,0,0,0,0,0,1,0,0,0,0
32,1,11,4,4,1,4,2,3,4707,8,0,12,3,4,0,6,2,3,4,2,1,2,0,0,0,1,0,0,0,1,0,0,0,0,0,0,0,1,0,1,0
24,0,24,3,4,1,3,1,4,2400,0,0,13,3,3,2,3,3,3,2,2,2,1,1,0,0,1,0,0,1,0,0,0,0,0,0,0,0,0,1,1,0
38,0,10,3,3,0,3,2,3,9824,3,0,19,3,3,1,18,4,3,1,0,0,0,0,1,1,0,0,0,1,0,0,0,0,0,0,0,0,0,0,1,0
37,0,1,4,2,0,3,2,2,6447,6,0,12,3,2,1,8,2,2,6,5,4,3,0,1,1,0,1,0,0,0,0,0,0,0,1,0,0,0,0,1,0
24,0,23,3,2,1,4,1,4,2725,1,1,11,3,2,2,6,3,3,6,5,1,4,0,1,1,0,0,0,1,0,0,0,0,0,0,0,1,0,0,1,0
25,0,13,1,2,1,3,1,3,2096,1,0,11,3,3,0,7,1,3,7,4,0,6,0,1,0,1,0,0,1,0,0,0,0,0,0,0,0,0,1,1,0
24,1,7,3,1,0,3,1,3,2886,1,1,16,3,4,1,6,4,3,6,3,1,2,1,0,1,0,1,0,0,0,0,0,1,0,0,0,0,0,0,1,0
30,1,12,4,2,1,2,1,1,2033,1,0,18,3,3,1,1,2,4,1,0,0,0,1,0,0,1,1,0,0,0,0,0,0,0,0,0,0,0,1,1,0
34,0,1,2,2,1,2,1,4,3622,1,1,13,3,4,1,6,3,3,6,5,1,3,0,1,1,0,1,0,0,0,0,0,0,0,0,0,1,0,0,1,0
31,1,13,4,2,1,3,2,1,4233,2,0,17,3,3,0,9,2,1,3,1,1,2,0,1,0,1,0,0,1,0,0,0,0,0,0,0,0,1,0,0,0
35,0,25,2,1,1,2,2,4,3681,4,0,14,3,4,0,9,3,3,3,2,0,2,0,1,1,0,0,0,0,1,0,0,1,0,0,0,0,0,0,0,1
37,0,2,3,4,1,3,2,3,9602,4,1,11,3,3,1,17,3,2,3,0,1,0,0,1,0,1,0,1,0,0,0,0,0,0,0,0,0,1,0,1,0
42,0,2,4,3,0,3,2,4,4089,1,0,13,3,2,2,10,4,3,10,2,2,2,0,1,1,0,1,0,0,0,0,0,0,0,0,0,0,0,0,1,0
38,0,1,1,3,0,3,1,1,2619,3,0,17,3,4,0,8,3,2,0,0,0,0,0,1,1,0,1,0,0,0,0,0,0,0,0,0,1,0,0,0,1
43,0,9,5,4,1,3,2,3,5679,3,1,13,3,2,1,10,3,3,8,7,4,7,1,0,1,0,0,0,1,0,0,0,1,0,0,0,0,0,0,0,0
48,0,1,4,4,0,2,4,1,15402,7,0,11,3,1,1,21,3,1,3,2,0,2,0,1,1,0,1,0,0,0,0,0,0,1,0,0,0,0,0,1,0
44,0,1,4,1,0,2,2,3,5985,4,0,11,3,2,0,10,1,4,2,2,0,2,0,1,0,0,1,0,0,0,0,1,0,0,0,0,0,0,0,0,1
34,0,14,3,3,0,3,1,3,2579,1,1,18,3,4,2,8,3,3,8,2,0,6,0,1,0,1,0,0,0,0,1,0,0,0,0,0,0,0,1,0,0
27,1,2,1,3,1,3,1,1,3041,0,0,11,3,2,1,5,3,3,4,3,0,2,0,1,0,1,0,1,0,0,0,0,0,0,0,0,0,0,1,0,0
21,0,22,1,3,1,3,1,3,3447,1,0,11,3,3,0,3,2,3,3,2,1,2,0,1,0,1,0,0,0,0,1,0,0,0,0,0,0,0,1,0,1
33,0,8,4,3,1,3,2,3,7104,0,0,12,3,4,0,6,3,3,5,0,1,2,0,1,0,1,0,1,0,0,0,0,0,0,0,0,0,1,0,0,0
32,0,9,4,1,0,3,2,4,6322,1,1,12,3,4,1,6,2,2,6,4,0,5,0,1,1,0,1,0,0,0,0,0,0,0,0,0,1,0,0,1,0
45,1,26,4,1,0,3,2,1,4286,2,0,14,3,4,2,5,4,3,1,1,0,0,1,0,0,1,1,0,0,0,0,0,0,0,0,0,0,1,0,1,0
26,0,6,3,3,0,3,1,4,2659,1,1,13,3,3,1,3,2,3,3,2,0,2,0,1,1,0,1,0,0,0,0,0,1,0,0,0,0,0,0,1,0
37,0,3,3,3,1,3,3,3,9434,1,0,15,3,3,1,10,2,3,10,7,7,8,0,1,1,0,0,0,0,1,0,0,0,0,1,0,0,0,0,1,0
54,0,19,4,3,1,3,3,2,10725,2,0,15,3,3,1,16,1,4,9,7,7,1,0,1,0,0,0,0,1,0,0,1,0,0,0,0,0,0,0,1,0
36,0,9,2,2,1,2,2,2,8847,2,1,11,3,3,1,13,2,3,3,2,0,2,0,1,1,0,0,0,1,0,0,0,0,0,1,0,0,0,0,0,0
35,0,3,3,3,1,2,1,3,1281,1,0,18,3,3,2,1,3,3,1,0,0,0,0,0,1,0,1,0,0,0,0,0,1,0,0,0,0,0,0,1,0
23,0,4,3,1,1,4,1,1,2819,2,0,16,3,1,1,5,3,4,3,2,0,2,0,1,1,0,0,0,1,0,0,0,0,0,0,0,1,0,0,1,0
48,0,2,1,2,1,4,2,2,8120,3,0,12,3,4,0,12,3,3,2,2,2,2,0,1,0,1,0,1,0,0,0,0,0,0,0,0,0,1,0,1,0
37,0,10,2,4,1,4,1,4,4680,3,0,17,3,1,0,4,2,3,1,0,0,0,0,1,1,0,1,0,0,0,0,0,0,0,0,0,1,0,0,0,1
34,0,9,3,4,0,2,3,2,8621,1,0,14,3,2,0,9,3,4,8,7,7,7,0,1,1,0,0,0,1,0,0,0,0,0,0,0,0,0,0,0,1
32,0,10,3,4,1,3,2,4,5396,1,0,12,3,4,0,10,2,2,10,7,0,8,0,1,0,1,0,1,0,0,0,0,0,0,0,0,0,1,0,0,1
50,1,8,2,2,1,3,2,3,6796,3,1,14,3,1,1,18,4,3,4,3,1,3,1,0,0,1,0,0,0,0,1,0,0,0,0,0,0,1,0,1,0
38,0,1,4,2,0,4,2,4,7625,0,0,13,3,3,0,10,4,2,9,7,1,8,0,1,1,0,1,0,0,0,0,0,0,0,0,0,0,0,0,0,1
27,0,1,2,3,0,3,3,1,7412,1,0,11,3,4,0,9,3,3,9,7,0,7,0,1,1,0,1,0,0,0,0,0,0,0,1,0,0,0,0,1,0
47,0,14,4,4,1,3,2,1,4960,2,0,12,3,4,0,20,2,3,7,7,1,7,0,1,0,1,0,1,0,0,0,0,0,0,0,0,0,1,0,0,1
60,0,16,4,1,1,3,2,1,5405,8,0,14,3,4,0,10,1,3,2,2,2,2,0,1,0,1,0,1,0,0,0,0,0,0,0,0,0,1,0,0,1
50,0,8,4,4,1,3,1,2,3875,7,0,15,3,4,1,4,2,3,2,2,2,2,0,1,0,1,0,1,0,0,0,0,0,0,0,0,0,0,1,1,0
28,1,1,2,1,0,1,1,2,2216,7,1,13,3,4,0,10,4,3,7,7,3,7,0,1,1,0,1,0,0,0,0,0,0,0,0,0,1,0,0,0,1
38,0,1,3,3,0,3,3,3,7861,4,1,14,3,4,0,10,4,4,1,0,0,0,0,1,1,0,1,0,0,0,0,0,0,0,1,0,0,0,0,0,1
42,1,19,3,3,1,4,1,3,2759,6,1,12,3,4,0,7,2,3,2,2,2,2,1,0,1,0,0,0,1,0,0,0,0,0,0,0,1,0,0,0,0
34,0,8,2,2,0,3,2,3,6142,3,0,11,3,4,0,10,2,3,5,1,4,3,0,1,1,0,0,0,1,0,0,0,0,0,0,0,0,0,0,0,1
23,0,9,1,2,1,3,1,1,2500,1,0,14,3,4,1,5,2,4,4,3,0,2,0,1,1,0,0,0,1,0,0,0,1,0,0,0,0,0,0,1,0
27,0,7,3,4,0,2,2,1,6811,8,0,19,3,1,0,9,2,1,7,6,0,7,0,1,1,0,0,0,1,0,0,0,0,0,0,0,0,0,0,0,1
29,0,10,3,4,1,3,1,2,2297,1,0,14,3,4,2,2,2,3,2,2,2,2,0,1,0,1,0,1,0,0,0,0,0,0,0,0,0,0,1,0,0
53,0,6,3,4,1,3,2,4,2450,2,0,17,3,4,0,19,4,3,2,2,2,2,0,1,1,0,1,0,0,0,0,0,1,0,0,0,0,0,0,0,1
35,0,2,4,4,0,3,2,1,5093,2,0,11,3,1,1,16,2,4,1,0,0,0,0,0,1,0,1,0,0,0,0,0,0,0,0,0,0,0,0,0,0
32,0,24,4,1,1,3,2,4,5309,1,0,15,3,4,2,10,2,3,10,8,4,7,1,0,1,0,1,0,0,0,0,0,1,0,0,0,0,0,0,1,0
34,0,8,5,2,0,3,2,1,5121,3,0,14,3,3,1,7,3,3,0,0,0,0,0,1,1,0,1,0,0,0,0,0,0,0,1,0,0,0,0,0,0
33,1,1,4,4,1,3,1,4,2686,1,1,13,3,3,0,10,2,2,10,9,7,8,0,1,1,0,0,0,0,1,0,0,0,0,0,0,1,0,0,0,1
45,0,2,2,2,1,1,2,3,6632,0,0,13,3,1,0,9,3,3,8,7,3,1,0,1,0,1,0,0,0,0,1,0,0,0,0,0,0,0,1,0,1
23,0,10,1,1,1,4,1,3,3505,1,0,18,3,4,0,2,3,3,2,2,0,2,0,1,1,0,0,0,1,0,0,0,0,0,0,0,1,0,0,0,1
47,1,27,2,2,0,4,2,3,6397,4,1,12,3,4,0,8,2,3,5,4,1,3,1,0,0,1,1,0,0,0,0,0,0,0,0,0,0,1,0,0,1
36,0,8,4,1,1,2,3,1,7587,1,0,15,3,2,0,10,1,3,10,7,0,9,0,0,0,1,1,0,0,0,0,0,0,0,0,0,0,1,0,0,1
52,0,19,4,4,1,3,1,4,4258,0,0,18,3,1,1,5,3,3,4,3,1,2,0,0,1,0,0,0,1,0,0,0,0,0,0,0,1,0,0,1,0
26,0,1,2,1,0,1,1,4,4364,3,0,14,3,1,1,5,2,3,2,2,2,0,1,0,1,0,1,0,0,0,0,0,1,0,0,0,0,0,0,0,0
29,0,27,3,2,0,3,2,3,4335,4,0,12,3,1,1,11,3,2,8,7,1,1,0,1,1,0,0,0,1,0,0,0,0,0,0,0,0,0,0,1,0
26,1,8,3,4,1,2,2,1,5326,6,0,17,3,3,0,6,2,2,4,3,1,2,0,1,0,1,0,0,0,0,1,0,0,0,0,0,0,1,0,0,1
34,0,1,4,2,0,4,1,4,3280,2,0,16,3,3,0,10,2,3,4,2,1,3,0,1,1,0,1,0,0,0,0,0,0,0,0,0,1,0,0,0,1
27,0,8,1,3,1,3,2,4,4342,0,0,19,3,2,1,5,3,3,4,2,1,1,1,0,0,1,0,1,0,0,0,0,0,0,0,0,0,1,0,1,0
37,0,10,1,4,0,3,1,1,2782,0,1,13,3,2,2,6,3,2,5,3,4,3,0,1,1,0,1,0,0,0,0,0,0,0,0,0,1,0,0,0,0
38,0,2,4,1,0,4,2,1,5980,6,1,12,3,4,0,17,2,3,15,7,4,12,1,0,1,0,1,0,0,0,0,0,0,0,1,0,0,0,0,0,1
34,0,2,4,3,0,2,1,1,4381,1,0,11,3,3,0,6,3,3,6,5,1,3,0,1,1,0,0,0,1,0,0,0,0,0,0,0,1,0,0,0,1
35,0,8,4,1,0,3,1,4,2572,1,0,16,3,2,1,3,1,2,3,2,0,2,0,1,0,1,1,0,0,0,0,0,0,0,0,0,0,0,1,1,0
34,0,8,2,3,0,3,2,1,6500,5,0,17,3,2,1,6,1,3,3,2,1,2,0,1,0,1,1,0,0,0,0,0,0,0,0,0,0,1,0,1,0
29,1,1,2,2,0,2,1,1,2319,1,1,11,3,4,1,1,1,3,1,0,0,0,0,1,1,0,1,0,0,0,0,0,1,0,0,0,0,0,0,1,0
33,0,7,3,3,1,3,3,3,11691,0,0,11,3,4,0,14,3,4,13,9,3,7,0,1,1,0,0,0,1,0,0,0,0,0,0,1,0,0,0,1,0
33,1,16,3,1,0,3,2,1,5324,5,0,15,3,3,0,6,3,3,3,2,0,2,0,1,0,1,0,1,0,0,0,0,0,0,0,0,0,1,0,0,1
36,0,1,3,3,0,3,2,2,5228,0,0,15,3,1,1,10,2,3,9,7,0,5,0,1,1,0,0,0,0,1,0,0,0,0,1,0,0,0,0,1,0
28,1,2,4,3,1,3,1,3,4382,6,0,17,3,4,0,5,3,2,2,2,2,1,0,1,1,0,0,0,1,0,0,0,0,0,0,0,1,0,0,0,1
36,0,13,3,3,1,3,1,2,2143,4,0,13,3,2,1,8,2,3,5,2,0,4,0,1,0,0,0,0,0,0,0,1,0,0,0,0,0,0,0,1,0
32,0,4,3,3,0,2,2,3,6162,1,0,12,3,3,1,14,3,3,14,13,6,8,0,1,1,0,1,0,0,0,0,0,0,0,1,0,0,0,0,1,0
45,0,2,3,2,0,2,1,3,2274,1,0,14,3,4,0,1,3,3,1,0,0,0,0,1,1,0,1,0,0,0,0,0,0,0,0,0,1,0,0,0,1
42,0,29,3,2,1,3,2,2,4434,1,0,13,3,4,1,10,3,2,9,8,7,8,0,1,1,0,1,0,0,0,0,0,0,0,1,0,0,0,0,1,0
38,0,12,3,1,1,2,2,1,6288,2,0,15,3,3,1,13,3,2,4,3,1,2,1,0,1,0,1,0,0,0,0,0,0,0,0,0,0,0,0,0,0
34,0,16,4,3,0,2,1,4,2553,1,0,16,3,3,0,6,3,3,5,2,1,3,1,0,1,0,1,0,0,0,0,0,0,0,0,0,1,0,0,0,1
49,1,11,3,3,0,3,3,4,7654,1,0,18,3,1,2,9,3,4,9,8,7,7,0,1,0,1,0,1,0,0,0,0,0,0,0,0,0,1,0,1,0
55,1,2,1,3,1,3,2,4,5160,4,0,16,3,3,0,12,3,2,9,7,7,3,0,1,0,1,0,0,1,0,0,0,0,0,0,0,0,1,0,0,1
27,0,5,1,3,1,2,3,4,12808,1,1,16,3,2,1,9,3,3,9,8,0,8,0,1,1,0,0,0,0,0,1,0,0,0,0,1,0,0,0,0,0
34,0,3,2,3,1,3,1,4,3737,0,0,19,3,3,1,4,1,1,3,2,0,2,0,1,0,0,0,0,0,0,0,1,0,0,0,0,0,0,0,1,0
26,1,5,2,3,0,2,1,3,2366,1,1,14,3,1,1,8,2,3,8,7,1,7,1,0,1,0,0,0,1,0,0,0,0,0,0,0,1,0,0,1,0
25,0,2,1,1,1,4,1,1,3424,7,0,13,3,3,0,6,3,2,4,3,0,1,0,1,1,0,0,0,1,0,0,0,0,0,0,0,1,0,0,0,1
35,0,27,1,3,0,2,1,1,2559,1,0,11,3,4,0,6,3,2,6,5,1,1,0,1,1,0,0,0,1,0,0,0,0,0,0,0,1,0,0,0,1
36,0,1,2,2,1,3,2,4,6201,1,1,14,3,4,1,18,1,2,18,14,4,11,0,1,0,1,1,0,0,0,0,0,0,0,0,0,0,1,0,1,0
32,0,13,4,2,1,3,2,4,4403,2,0,11,3,3,1,8,3,2,5,2,0,3,0,1,0,1,1,0,0,0,0,0,0,0,0,0,0,1,0,0,0
45,0,9,3,4,1,3,3,1,10761,4,1,12,3,3,1,18,2,3,5,4,0,2,0,1,0,1,0,1,0,0,0,0,0,0,0,0,0,1,0,0,0
32,0,8,2,3,0,4,2,3,5175,5,0,12,3,3,1,9,3,2,5,3,1,3,0,1,1,0,0,0,1,0,0,0,0,0,0,0,1,0,0,1,0
37,0,16,4,4,1,2,2,3,6334,4,0,19,3,4,2,9,2,3,1,0,0,0,0,1,0,1,0,1,0,0,0,0,0,0,0,0,0,1,0,0,0
42,0,2,1,2,1,3,1,4,2515,5,1,14,3,4,0,8,2,3,2,1,2,2,1,0,1,0,0,0,1,0,0,0,0,0,0,0,1,0,0,0,1
25,0,3,1,3,1,3,2,1,4194,1,1,18,3,4,0,5,3,3,5,3,0,3,0,1,0,1,0,0,0,1,0,0,0,0,0,0,0,1,0,1,0
35,1,25,4,4,0,3,1,2,2022,1,1,19,3,1,1,10,3,2,10,2,7,8,1,0,1,0,1,0,0,0,0,0,0,0,0,0,1,0,0,0,0
32,0,1,3,4,1,3,1,4,2314,0,0,12,3,2,1,4,2,3,3,0,0,2,0,0,1,0,1,0,0,0,0,0,1,0,0,0,0,0,0,0,0
25,0,4,1,3,1,2,2,1,4256,1,0,12,3,1,0,5,1,4,5,2,0,3,0,1,0,1,0,1,0,0,0,0,0,0,0,0,0,1,0,1,0
49,0,1,3,3,0,3,1,1,3580,2,0,16,3,2,1,7,2,3,4,2,0,2,0,1,1,0,0,0,0,0,1,0,0,0,0,0,1,0,0,1,0
24,0,4,1,1,1,2,1,4,3162,0,0,17,3,4,0,6,2,2,5,2,3,4,0,0,1,0,1,0,0,0,0,0,1,0,0,0,0,0,0,1,0
32,0,5,2,2,1,3,2,2,6524,1,0,14,3,4,1,10,3,3,10,8,5,3,1,0,0,1,1,0,0,0,0,0,0,0,0,0,0,1,0,1,0
38,0,9,3,2,1,2,1,2,2899,0,0,19,3,4,1,3,3,3,2,2,1,2,0,1,0,1,0,1,0,0,0,0,0,0,0,0,0,0,1,1,0
42,0,3,3,3,0,4,2,4,5231,2,1,13,3,2,1,17,1,2,5,3,1,3,0,1,1,0,1,0,0,0,0,0,1,0,0,0,0,0,0,1,0
31,0,11,4,4,1,3,1,4,2356,3,1,19,3,2,1,8,2,3,6,4,0,2,0,1,1,0,1,0,0,0,0,0,0,0,0,0,1,0,0,1,0
53,0,8,3,1,1,3,4,4,11836,5,0,14,3,3,1,28,3,3,2,0,2,2,0,1,0,1,0,1,0,0,0,0,0,0,0,0,0,1,0,1,0
35,0,25,3,4,1,2,3,2,10903,3,0,16,3,1,0,16,2,3,13,10,4,8,0,1,1,0,0,0,0,0,1,0,0,0,1,0,0,0,0,1,0
37,0,21,2,3,0,3,1,4,2973,5,0,15,3,2,1,10,3,3,5,4,0,0,1,0,0,1,0,0,1,0,0,0,0,0,0,0,0,0,1,1,0
43,0,1,3,4,0,3,2,4,5562,4,0,13,3,2,1,12,2,2,5,2,2,2,1,0,1,0,1,0,0,0,0,0,0,0,0,0,0,0,0,1,0
37,0,19,2,1,1,3,3,2,7642,1,1,13,3,4,0,10,2,3,10,0,0,9,0,0,0,1,0,0,1,0,0,0,0,0,0,0,0,1,0,0,1
39,0,2,3,4,0,2,2,4,5204,8,0,11,3,3,2,13,2,3,5,4,0,4,0,1,0,0,1,0,0,0,0,1,0,0,0,0,0,0,0,1,0
33,0,3,2,4,1,3,1,2,2277,3,1,11,3,3,1,7,4,4,4,3,0,3,0,1,0,0,0,0,0,0,0,1,0,0,0,0,0,0,0,0,0
28,0,5,4,1,1,3,2,4,4908,1,0,14,3,2,0,4,3,3,4,2,0,2,0,1,0,1,0,0,1,0,0,0,0,0,0,0,0,1,0,0,1
20,1,2,3,3,0,2,1,3,2044,1,0,13,3,4,0,2,3,2,2,2,0,2,0,1,0,1,0,0,1,0,0,0,0,0,0,0,0,0,1,0,1
21,1,18,1,4,0,3,1,4,2693,1,0,19,3,1,0,1,3,2,1,0,0,0,0,1,1,0,0,0,0,1,0,0,0,0,0,0,1,0,0,0,1
36,0,14,1,3,1,3,2,4,6586,0,1,17,3,1,1,17,2,2,16,8,4,11,0,1,1,0,1,0,0,0,0,0,0,0,0,0,0,0,0,1,0
47,0,2,4,4,0,2,1,4,3294,1,1,18,3,1,0,3,3,2,3,2,1,2,0,1,0,1,1,0,0,0,0,0,0,0,0,0,0,0,1,0,1
22,1,3,1,2,0,3,2,3,4171,0,1,19,3,1,1,4,3,4,3,2,0,2,0,1,1,0,1,0,0,0,0,0,0,0,1,0,0,0,0,1,0
41,1,2,4,2,0,1,1,4,2778,4,1,13,3,3,1,10,1,2,7,7,1,0,0,1,1,0,1,0,0,0,0,0,1,0,0,0,0,0,0,0,0
28,0,9,3,3,0,3,1,3,2377,5,0,18,3,2,1,6,2,3,2,2,2,2,0,1,1,0,0,0,1,0,0,0,0,0,0,0,1,0,0,0,0
27,0,4,3,2,0,3,1,3,2318,1,0,19,3,3,0,1,2,3,1,1,0,0,0,1,1,0,1,0,0,0,0,0,0,0,0,0,1,0,0,0,1
34,0,10,3,2,1,3,1,2,2008,1,0,14,3,2,2,1,3,3,1,0,1,0,0,1,1,0,1,0,0,0,0,0,1,0,0,0,0,0,0,0,0
33,0,1,4,3,1,2,1,1,2799,3,1,11,3,2,0,6,1,3,3,2,0,2,0,1,1,0,0,0,0,1,0,0,0,0,0,0,1,0,0,0,1
58,0,5,3,3,0,2,3,2,10552,2,1,13,3,4,1,24,3,3,6,0,0,4,0,1,1,0,0,0,0,0,1,0,0,0,0,0,0,0,0,0,0
31,0,7,4,2,1,2,1,3,2329,3,0,15,3,2,0,13,2,4,7,7,5,2,0,1,0,1,1,0,0,0,0,0,0,0,0,0,0,0,1,1,0
48,0,20,4,4,1,3,1,3,2259,4,0,17,3,1,2,13,2,2,0,0,0,0,0,1,1,0,0,0,1,0,0,0,0,0,0,0,1,0,0,1,0
31,0,20,2,4,0,3,2,3,6932,1,0,13,3,4,1,9,2,2,9,8,0,0,0,0,0,1,0,1,0,0,0,0,0,0,0,0,0,1,0,1,0
38,0,1,3,4,0,3,3,1,13582,1,0,13,3,2,1,15,3,3,15,12,5,11,0,1,1,0,0,0,0,0,1,0,0,0,0,1,0,0,0,1,0
40,0,10,4,1,1,2,3,2,9705,2,0,12,3,2,1,11,2,2,1,0,0,0,0,1,0,1,0,1,0,0,0,0,0,0,0,0,0,1,0,0,0
26,0,1,3,3,1,2,2,1,4294,1,0,12,3,2,0,7,2,3,7,7,0,7,1,0,0,1,0,0,1,0,0,0,0,0,0,0,0,1,0,0,1
19,1,21,3,4,1,2,1,2,2121,1,1,13,3,2,0,1,3,4,1,0,0,0,0,1,0,1,0,0,0,1,0,0,0,0,0,0,0,0,1,0,1
20,1,4,3,1,1,3,1,1,2973,1,0,19,3,2,0,1,2,3,1,0,0,0,0,1,1,0,0,0,0,0,1,0,1,0,0,0,0,0,0,0,1
40,0,9,4,4,1,3,1,2,3617,8,1,14,3,4,1,3,2,3,1,1,0,0,1,0,1,0,0,0,1,0,0,0,0,0,0,0,1,0,0,0,0
32,0,3,4,3,0,3,2,1,6725,1,0,12,3,3,1,8,2,4,8,7,6,3,0,1,1,0,0,0,1,0,0,0,0,0,1,0,0,0,0,1,0
33,0,1,3,2,0,2,2,4,6949,0,0,14,3,1,0,6,3,3,5,0,1,4,0,1,1,0,1,0,0,0,0,0,0,0,0,0,0,0,0,0,1
35,0,18,3,3,0,3,2,3,4601,1,0,16,3,2,0,5,3,3,5,2,1,0,0,1,0,1,0,0,1,0,0,0,0,0,0,0,0,1,0,1,0
30,0,8,2,3,1,3,3,3,7264,5,0,11,3,1,1,10,2,4,8,4,7,7,0,1,0,1,0,0,0,1,0,0,0,0,0,0,0,1,0,0,0
38,0,10,3,3,0,3,2,4,5666,1,1,13,3,2,0,6,1,3,5,3,1,3,0,0,0,1,0,0,0,0,1,0,0,0,0,0,0,1,0,0,1
35,0,3,4,4,1,3,3,4,7823,6,0,13,3,2,1,12,2,3,10,9,0,8,0,1,0,1,1,0,0,0,0,0,0,0,0,0,0,1,0,0,0
39,0,2,5,1,1,4,3,3,7880,0,0,18,3,4,0,9,3,3,8,7,0,7,0,1,0,1,1,0,0,0,0,0,0,0,0,0,0,1,0,0,1
40,1,24,3,2,0,4,4,2,13194,4,1,16,3,4,0,22,2,2,1,0,0,0,0,0,0,1,1,0,0,0,0,0,0,0,0,0,0,1,0,0,1
36,0,8,4,1,1,3,2,4,5079,4,0,13,3,4,2,12,3,3,7,7,0,7,0,0,0,1,0,0,0,0,1,0,0,0,0,0,0,1,0,0,0
33,0,13,1,2,0,3,1,4,3452,3,0,18,3,1,0,5,4,3,3,2,0,2,0,1,1,0,1,0,0,0,0,0,0,0,0,0,1,0,0,0,1
45,0,1,4,4,0,3,1,4,2270,3,0,14,3,4,2,8,2,3,5,3,0,2,0,1,1,0,0,0,1,0,0,0,1,0,0,0,0,0,0,0,0
33,0,1,4,3,0,4,2,2,5488,1,1,13,3,1,1,6,2,3,6,5,1,2,1,0,1,0,0,0,0,1,0,0,0,0,0,0,0,0,0,1,0
45,0,23,2,4,1,3,2,1,3633,1,1,15,3,3,1,9,2,3,9,8,0,8,0,0,1,0,1,0,0,0,0,0,1,0,0,0,0,0,0,1,0
30,1,22,3,1,0,3,1,3,2132,4,1,11,3,2,0,7,2,3,5,2,0,1,0,1,1,0,1,0,0,0,0,0,0,0,0,0,1,0,0,1,0
50,0,24,3,4,1,3,4,3,13973,3,1,18,3,4,1,22,2,3,12,11,1,5,0,1,1,0,1,0,0,0,0,0,0,0,1,0,0,0,0,1,0
46,0,7,2,4,1,3,3,3,10845,6,0,13,3,2,1,13,3,3,8,7,0,7,0,1,1,0,0,0,1,0,0,0,0,0,1,0,0,0,0,0,0
31,0,1,1,3,0,3,2,1,4148,1,0,12,3,3,1,4,1,3,4,3,0,3,1,0,1,0,1,0,0,0,0,0,0,0,1,0,0,0,0,1,0
18,0,5,2,2,1,3,1,4,1051,1,0,15,3,4,0,0,2,3,0,0,0,0,0,0,1,0,1,0,0,0,0,0,0,0,0,0,1,0,0,0,1
54,0,17,3,3,0,3,3,3,10739,8,0,11,3,3,1,22,2,3,10,7,0,8,0,1,1,0,0,0,0,0,1,0,0,0,1,0,0,0,0,1,0
20,1,11,3,4,0,2,1,1,2600,1,1,15,3,1,0,1,2,3,1,0,0,0,0,1,1,0,0,0,1,0,0,0,0,0,0,0,1,0,0,0,1
30,1,5,3,2,0,3,1,2,2422,0,0,17,3,1,0,4,3,3,3,2,1,2,1,0,1,0,0,0,1,0,0,0,1,0,0,0,0,0,0,0,1
26,0,2,2,4,1,4,2,4,5472,1,0,12,3,2,0,8,2,3,8,7,1,3,0,1,1,0,0,0,1,0,0,0,0,0,1,0,0,0,0,1,0
22,0,8,1,2,1,1,1,1,2451,1,0,15,3,1,1,4,3,2,4,3,1,1,0,1,1,0,1,0,0,0,0,0,1,0,0,0,0,0,0,1,0
48,0,4,4,3,1,2,3,3,10999,7,0,14,3,2,0,27,3,3,15,11,4,8,0,1,1,0,1,0,0,0,0,0,0,0,0,0,0,0,0,0,1
27,0,2,4,1,0,3,2,4,4227,0,0,18,3,2,1,4,2,3,3,2,2,2,0,1,1,0,1,0,0,0,0,0,0,0,1,0,0,0,0,1,0
37,1,11,2,1,0,1,2,2,4777,5,0,15,3,1,0,15,2,1,1,0,0,0,0,1,1,0,0,0,1,0,0,0,0,0,0,0,0,0,0,1,0
55,0,18,4,3,1,3,2,2,6385,3,1,14,3,4,2,17,3,3,8,7,6,7,1,0,1,0,0,0,1,0,0,0,0,0,0,0,0,0,0,1,0
38,0,3,4,2,1,3,2,4,6861,8,1,12,3,3,0,19,1,3,1,0,0,0,0,1,0,1,1,0,0,0,0,0,0,0,0,0,0,1,0,0,1
50,0,1,3,4,0,3,2,3,6347,0,0,12,3,1,1,19,3,3,18,7,0,13,0,0,0,1,1,0,0,0,0,0,0,0,0,0,0,1,0,1,0
33,0,8,1,2,0,2,1,4,2342,0,0,19,3,4,0,3,2,2,2,2,2,2,0,0,0,1,1,0,0,0,0,0,0,0,0,0,0,0,1,0,1
34,0,1,4,2,1,4,2,4,9725,0,0,11,3,4,1,16,2,2,15,1,0,9,0,1,0,1,0,1,0,0,0,0,0,0,0,0,0,1,0,0,0
59,0,1,2,2,1,3,3,4,11904,3,1,14,3,3,1,14,1,1,6,4,0,4,0,1,0,1,0,0,0,0,1,0,0,1,0,0,0,0,0,1,0
45,0,24,4,2,1,3,1,2,2177,1,0,16,3,1,0,6,3,3,6,3,0,4,0,1,0,0,0,0,1,0,0,1,0,0,0,0,0,0,0,0,1
36,1,15,3,1,1,3,2,3,4834,7,0,14,3,2,1,9,3,2,1,0,0,0,0,1,1,0,0,0,0,1,0,0,1,0,0,0,0,0,0,0,0
26,1,2,3,1,1,3,1,1,2042,6,1,14,3,2,1,6,2,3,3,2,1,2,1,0,1,0,1,0,0,0,0,0,0,0,0,0,1,0,0,1,0
34,0,10,4,3,0,3,1,3,2220,1,1,19,3,4,1,1,2,3,1,1,0,0,0,1,0,1,1,0,0,0,0,0,0,0,0,0,0,0,1,1,0
38,0,3,4,3,1,3,1,3,2821,3,0,16,3,1,1,8,2,3,2,2,2,2,1,0,1,0,0,0,0,1,0,0,0,0,0,0,1,0,0,1,0
37,0,3,3,4,0,3,2,2,4107,3,0,15,3,1,0,8,3,2,4,3,0,1,0,1,1,0,0,0,0,1,0,0,0,0,0,0,0,0,0,0,1
40,0,26,3,3,1,3,2,1,8396,1,0,14,3,2,1,8,3,2,7,7,7,5,0,1,0,1,0,1,0,0,0,0,0,0,0,0,0,1,0,1,0
54,0,2,4,3,0,2,3,3,10686,6,0,11,3,2,1,13,4,3,9,4,7,0,0,1,0,1,1,0,0,0,0,0,0,0,0,0,0,1,0,1,0
56,0,9,3,1,0,3,1,3,2942,2,0,19,3,2,1,18,4,3,5,4,0,3,1,0,1,0,0,0,1,0,0,0,0,0,0,0,1,0,0,1,0
36,0,12,5,4,0,2,3,4,8858,0,0,11,3,2,0,15,2,2,14,8,7,8,0,1,1,0,0,0,1,0,0,0,0,0,1,0,0,0,0,0,1
20,1,9,3,4,0,3,1,4,2323,1,1,14,3,2,0,2,3,3,2,2,0,2,1,0,0,1,0,1,0,0,0,0,0,0,0,0,0,0,1,0,1
28,1,24,2,2,1,2,3,1,8722,1,0,12,3,1,0,10,2,2,10,7,1,9,0,0,1,0,0,0,0,0,1,0,0,0,0,0,0,0,0,0,1
26,0,1,2,1,1,2,1,1,3955,1,0,16,3,1,2,6,2,3,5,3,1,3,0,1,1,0,0,0,1,0,0,0,1,0,0,0,0,0,0,1,0
30,0,20,3,3,1,3,2,1,9957,0,0,15,3,3,1,7,1,2,6,2,0,2,0,1,1,0,0,0,0,1,0,0,0,0,1,0,0,0,0,1,0
41,0,7,2,2,0,4,1,3,3376,1,0,13,3,3,0,10,3,3,10,6,0,8,0,1,1,0,0,0,0,0,1,0,0,0,0,0,1,0,0,1,0
55,0,2,1,4,1,3,3,2,10976,3,0,18,3,2,1,23,4,3,3,2,1,2,1,0,1,0,1,0,0,0,0,0,0,0,1,0,0,0,0,1,0
28,0,10,3,3,0,3,2,3,3660,3,0,13,3,4,0,10,4,4,8,7,1,7,0,1,1,0,0,0,0,1,0,0,0,0,0,0,1,0,0,0,1
33,0,5,3,4,1,2,3,4,7119,4,0,15,3,3,1,9,2,3,3,2,1,2,0,1,1,0,1,0,0,0,0,0,0,0,0,0,0,0,0,0,0
34,0,3,1,1,1,3,2,4,7756,0,0,17,3,3,0,7,1,2,6,2,0,4,1,0,1,0,1,0,0,0,0,0,0,0,0,0,0,0,0,0,1
25,1,4,1,4,1,3,1,4,3691,1,1,15,3,2,1,7,3,4,7,7,5,6,0,1,1,0,0,0,0,0,1,0,1,0,0,0,0,0,0,1,0
28,1,1,3,1,1,2,1,2,2596,1,0,15,3,1,2,1,2,3,1,0,0,0,1,0,1,0,0,0,1,0,0,0,1,0,0,0,0,0,0,0,0
50,1,1,4,4,1,3,2,3,4728,3,1,14,3,4,0,5,4,3,0,0,0,0,1,0,0,1,0,0,0,1,0,0,0,0,0,0,0,1,0,0,1
33,0,7,3,4,0,3,2,2,4302,0,0,17,3,3,1,4,3,3,3,2,0,2,1,0,0,1,1,0,0,0,0,0,0,0,0,0,0,1,0,1,0
45,0,9,4,2,0,2,2,3,5593,1,0,13,3,4,1,15,2,3,15,10,4,12,0,0,0,1,1,0,0,0,0,0,0,0,0,0,0,1,0,1,0
52,0,7,4,2,1,3,3,2,10445,7,0,19,3,4,0,18,4,3,8,6,4,0,0,1,1,0,1,0,0,0,0,0,0,0,0,0,0,0,0,0,1
38,0,10,4,3,1,2,3,3,8740,0,1,14,3,2,2,9,2,3,8,7,2,7,0,1,0,1,0,1,0,0,0,0,0,0,0,0,0,1,0,0,0
38,0,2,2,4,1,3,3,2,7351,7,0,16,3,3,0,10,2,3,1,0,0,0,0,1,0,1,0,1,0,0,0,0,0,0,0,0,0,1,0,0,1
43,0,27,3,3,0,3,3,1,10820,8,0,11,3,3,1,18,1,3,8,7,0,1,1,0,1,0,1,0,0,0,0,0,0,0,1,0,0,0,0,1,0
31,0,20,3,3,1,4,1,4,2791,0,0,12,3,1,1,3,4,3,2,2,2,2,1,0,0,1,1,0,0,0,0,0,0,0,0,0,0,0,1,1,0
28,0,2,1,1,1,2,1,2,3201,0,0,17,3,1,0,6,2,1,5,3,0,4,0,1,1,0,1,0,0,0,0,0,0,0,0,0,1,0,0,1,0
35,0,11,2,4,1,3,2,4,4968,1,0,11,3,4,1,5,3,3,5,2,0,2,1,0,0,1,0,1,0,0,0,0,0,0,0,0,0,1,0,0,0
49,0,8,4,4,1,2,4,2,13120,6,0,17,3,2,1,22,3,3,9,8,2,3,0,1,0,1,0,0,0,0,1,0,0,0,0,0,0,1,0,1,0
34,0,2,2,4,1,3,2,3,4033,2,0,11,3,4,0,5,3,2,3,2,0,2,1,0,1,0,1,0,0,0,0,0,0,0,1,0,0,0,0,0,1
29,0,10,3,4,0,3,1,2,3291,0,0,14,3,4,2,8,2,2,7,5,1,1,1,0,1,0,1,0,0,0,0,0,0,0,0,0,1,0,0,0,0
42,0,29,3,2,1,1,2,4,4272,4,0,19,3,1,0,16,3,3,1,0,0,0,0,1,1,0,0,0,1,0,0,0,1,0,0,0,0,0,0,0,1
29,0,8,1,2,1,2,2,4,5056,1,1,15,3,3,1,10,2,2,10,7,1,2,0,1,1,0,0,0,1,0,0,0,0,0,1,0,0,0,0,1,0
38,0,1,3,3,1,4,1,3,2844,1,0,13,3,4,1,7,2,4,7,6,5,0,0,1,0,0,0,0,0,0,0,1,0,0,0,0,0,0,0,1,0
28,0,6,3,3,1,2,1,3,2703,1,1,14,3,4,1,3,2,3,3,1,0,2,1,0,1,0,1,0,0,0,0,0,0,0,0,0,1,0,0,0,0
33,1,9,4,1,0,3,2,1,8224,0,1,17,3,1,0,6,3,3,5,2,0,3,0,1,0,1,0,1,0,0,0,0,0,0,0,0,0,1,0,0,1
41,0,12,4,2,1,3,1,4,4766,3,1,11,3,1,1,6,4,3,1,0,0,0,0,1,1,0,1,0,0,0,0,0,1,0,0,0,0,0,0,1,0
37,0,25,2,3,0,2,2,4,5731,7,0,13,3,3,2,9,2,3,6,2,1,3,0,1,1,0,0,0,1,0,0,0,0,0,0,0,0,0,0,0,0
35,0,8,4,3,1,3,1,3,4323,1,0,17,3,2,0,6,2,1,5,4,1,4,0,1,0,0,0,0,0,0,1,1,0,0,0,0,0,0,0,0,1
29,1,23,1,4,0,2,3,1,7336,1,0,13,3,1,1,11,3,1,11,8,3,10,0,1,0,1,1,0,0,0,0,0,0,0,0,0,0,1,0,1,0
42,0,4,4,2,1,3,2,1,5155,7,0,13,3,4,0,9,3,4,6,4,1,5,0,1,0,1,0,1,0,0,0,0,0,0,0,0,0,1,0,0,1
35,0,1,4,4,1,2,1,3,2258,6,0,12,3,2,1,10,2,3,8,0,1,7,0,1,1,0,0,0,1,0,0,0,1,0,0,0,0,0,0,1,0
28,1,12,1,3,0,3,1,4,2515,1,1,11,3,4,0,1,4,2,1,1,0,0,0,1,1,0,1,0,0,0,0,0,1,0,0,0,0,0,0,1,0
30,0,10,3,3,1,2,2,3,6578,1,0,18,3,1,1,10,3,3,10,3,1,4,0,1,0,1,0,1,0,0,0,0,0,0,0,0,0,1,0,1,0
40,0,26,2,3,0,2,2,4,4422,3,1,13,3,4,1,16,3,1,1,1,0,0,1,0,1,0,0,0,1,0,0,0,0,0,0,0,1,0,0,1,0
35,0,2,3,3,1,2,3,2,10274,2,0,18,3,2,1,15,2,4,7,7,6,4,0,1,1,0,1,0,0,0,0,0,0,0,1,0,0,0,0,0,0
35,0,4,4,4,1,2,1,4,2376,1,0,13,3,2,1,2,2,4,2,2,2,2,1,0,1,0,0,0,0,1,0,0,1,0,0,0,0,0,0,1,0
43,1,9,3,1,0,1,2,3,5346,8,0,13,3,2,0,7,2,2,4,3,1,3,0,1,0,1,0,1,0,0,0,0,0,0,0,0,0,1,0,0,1
45,0,7,3,1,0,3,1,3,4477,4,1,19,3,3,1,7,2,2,3,2,0,2,0,1,1,0,0,0,1,0,0,0,0,0,0,0,1,0,0,1,0
37,0,1,3,4,0,2,2,4,6474,1,0,13,3,2,1,14,2,2,14,8,3,11,0,1,1,0,1,0,0,0,0,0,0,0,1,0,0,0,0,1,0
20,0,3,3,1,1,2,1,3,3033,1,0,12,3,1,0,2,2,2,2,2,1,2,0,1,1,0,1,0,0,0,0,0,1,0,0,0,0,0,0,0,1
44,1,10,4,3,1,3,1,3,2936,1,1,11,3,3,0,6,4,3,6,4,0,2,0,1,1,0,1,0,0,0,0,0,0,0,0,0,1,0,0,0,1
29,0,15,1,2,0,1,1,4,2168,0,1,18,3,1,1,6,2,2,5,4,1,3,0,1,1,0,1,0,0,0,0,0,0,0,0,0,1,0,0,1,0
44,0,17,3,4,1,1,1,3,2290,2,0,13,3,4,0,6,3,3,0,0,0,0,0,0,1,0,1,0,0,0,0,0,0,0,0,0,1,0,0,0,1
33,0,2,3,2,1,3,1,3,3600,1,0,13,3,4,1,5,2,3,5,4,1,4,0,1,0,0,0,0,0,0,0,1,0,0,0,0,0,0,0,1,0
41,1,5,2,1,1,2,1,1,2107,6,0,17,3,1,1,5,2,1,1,0,0,0,0,0,1,0,1,0,0,0,0,0,0,0,0,0,1,0,0,0,0
24,1,17,2,4,0,3,1,2,2210,1,0,13,3,1,1,1,3,1,1,0,0,0,0,1,1,0,1,0,0,0,0,0,1,0,0,0,0,0,0,1,0
33,0,25,3,2,0,3,2,3,4539,1,0,12,3,1,1,10,3,2,10,7,0,1,1,0,0,1,0,0,1,0,0,0,0,0,0,0,0,1,0,1,0
36,0,6,4,3,1,1,1,3,2741,1,0,14,3,3,1,7,4,3,7,7,1,7,0,1,1,0,1,0,0,0,0,0,1,0,0,0,0,0,0,0,0
20,0,21,3,3,1,4,1,4,2678,1,0,17,3,4,0,2,2,3,2,1,2,2,0,1,0,1,0,1,0,0,0,0,0,0,0,0,0,0,1,0,1
46,0,2,4,4,1,3,2,4,7379,2,0,11,3,3,1,12,3,2,6,3,1,4,0,1,1,0,0,0,0,0,1,0,0,0,1,0,0,0,0,0,0
42,0,2,5,4,1,4,2,1,6272,7,0,16,3,1,1,10,3,4,4,3,0,3,0,0,0,0,0,0,1,0,0,1,0,0,0,0,0,0,0,1,0
60,0,7,4,2,1,4,2,4,5220,0,1,18,3,2,1,12,3,3,11,7,1,9,0,1,0,1,0,1,0,0,0,0,0,0,0,0,0,1,0,0,0
32,0,2,2,4,0,3,2,3,4998,4,1,14,3,4,0,10,2,3,8,7,0,7,1,0,1,0,1,0,0,0,0,0,0,0,0,0,1,0,0,0,1
40,0,10,3,2,0,2,2,2,6852,7,0,12,3,2,1,7,2,4,5,1,1,3,0,1,0,1,0,0,0,0,1,0,0,0,0,0,0,1,0,0,0
25,0,10,4,3,1,3,2,4,4950,0,0,14,3,2,0,5,4,3,4,3,1,1,0,1,0,1,1,0,0,0,0,0,0,0,0,0,0,1,0,0,1
27,0,14,3,1,1,3,1,1,2235,1,1,14,3,4,2,9,3,2,9,7,6,8,0,1,1,0,1,0,0,0,0,0,0,0,0,0,1,0,0,1,0
31,0,11,2,3,1,3,2,1,6833,1,1,12,3,4,0,6,2,2,6,5,0,1,0,1,1,0,0,0,1,0,0,0,0,0,0,0,0,0,0,1,0
31,0,24,3,3,0,2,2,1,6812,1,0,19,3,2,0,10,2,3,10,9,1,8,0,1,1,0,0,0,1,0,0,0,0,0,0,0,0,0,0,0,1
59,0,3,3,3,0,2,2,4,5171,5,0,17,3,4,0,13,2,3,6,1,0,5,0,1,0,1,1,0,0,0,0,0,0,0,0,0,0,1,0,0,1
36,0,3,3,3,1,3,1,2,3692,1,0,12,3,3,0,12,2,2,11,10,0,7,1,0,1,0,0,0,0,0,1,0,0,0,0,0,1,0,0,1,0
48,0,2,2,4,1,4,1,2,2559,5,0,11,3,3,0,7,4,2,1,0,0,0,0,1,1,0,0,0,0,0,1,0,1,0,0,0,0,0,0,0,1
29,0,7,3,3,1,3,2,4,6623,1,1,11,3,2,2,6,2,3,6,0,1,0,0,1,1,0,1,0,0,0,0,0,0,0,0,0,0,0,0,0,0
29,0,1,3,4,0,2,4,4,16124,3,0,14,3,2,2,9,2,2,7,7,1,7,0,1,1,0,1,0,0,0,0,0,0,0,0,1,0,0,0,0,0
33,0,10,5,4,1,4,3,3,8380,0,1,14,3,4,2,10,3,3,9,8,0,8,0,1,0,1,0,1,0,0,0,0,0,0,0,0,0,1,0,0,0
19,0,25,3,2,0,4,1,4,2994,1,1,12,3,4,0,1,2,3,1,0,0,1,0,1,1,0,1,0,0,0,0,0,0,0,0,0,1,0,0,0,1
25,1,24,1,3,1,1,1,4,1118,1,1,14,3,4,0,1,4,3,1,0,1,0,1,0,0,1,1,0,0,0,0,0,0,0,0,0,0,0,1,0,1
34,0,2,3,3,0,3,2,1,4538,0,1,12,3,4,0,4,3,3,3,2,0,2,0,1,0,1,0,1,0,0,0,0,0,0,0,0,0,1,0,0,1
34,0,19,3,3,0,3,2,2,4444,4,0,13,3,3,2,15,2,4,11,8,5,10,1,0,1,0,0,0,1,0,0,0,1,0,0,0,0,0,0,0,0
28,0,1,4,4,1,3,1,3,2154,0,1,11,3,3,0,5,2,2,4,2,0,2,1,0,1,0,0,0,1,0,0,0,1,0,0,0,0,0,0,0,1
35,0,6,1,3,1,3,1,3,3506,0,1,14,3,4,0,4,3,3,3,2,2,2,0,1,1,0,1,0,0,0,0,0,0,0,0,0,1,0,0,1,0
42,0,7,4,2,0,4,2,2,2372,6,1,16,3,4,0,18,2,3,1,0,0,0,0,1,1,0,0,0,1,0,0,0,0,0,0,0,1,0,0,1,0
44,1,15,3,1,0,3,3,4,7978,1,0,11,3,4,1,10,2,3,10,7,0,5,0,1,1,0,0,0,1,0,0,0,0,0,0,0,0,0,0,1,0
28,0,2,3,4,1,2,1,4,3867,1,1,12,3,2,1,2,2,3,2,2,2,2,1,0,1,0,1,0,0,0,0,0,1,0,0,0,0,0,0,1,0
30,0,9,2,3,0,3,2,3,4695,7,1,18,3,3,0,10,3,3,8,4,1,7,0,0,1,0,0,0,1,0,0,0,0,0,1,0,0,0,0,0,1
29,1,7,3,2,0,3,1,3,3339,3,1,13,3,1,2,10,2,3,7,7,7,7,0,1,1,0,0,0,0,0,1,0,1,0,0,0,0,0,0,0,0
28,0,1,3,4,1,3,1,1,2080,2,0,11,3,2,0,5,2,2,3,2,1,2,0,1,1,0,0,0,0,0,1,0,0,0,0,0,1,0,0,0,1
25,0,1,3,4,0,3,1,2,2096,1,0,18,3,4,0,2,3,2,2,2,2,1,0,1,1,0,0,0,1,0,0,0,0,0,0,0,1,0,0,0,1
32,0,8,3,3,1,4,2,4,6209,1,0,15,3,3,2,10,4,4,10,7,0,8,0,1,0,1,0,0,1,0,0,0,0,0,0,0,0,1,0,1,0
58,0,23,4,1,1,3,1,3,2372,1,0,12,3,4,2,2,3,3,2,2,2,2,0,1,1,0,1,0,0,0,0,0,0,0,0,0,1,0,0,0,0
32,1,7,2,4,1,3,2,3,4883,1,0,18,3,1,1,10,3,3,10,4,1,1,0,1,1,0,1,0,0,0,0,0,1,0,0,0,0,0,0,1,0
39,1,23,3,3,1,3,1,1,3904,0,0,13,3,1,0,6,2,3,5,2,0,3,0,1,1,0,0,0,1,0,0,0,0,0,0,0,1,0,0,0,1
46,0,1,2,4,0,3,1,1,3423,6,0,12,3,3,0,10,3,4,7,6,5,7,0,1,0,0,1,0,0,0,0,1,0,0,0,0,0,0,0,0,1
40,1,25,4,4,1,2,3,2,9094,2,1,12,3,3,0,9,2,3,5,4,1,0,0,1,0,1,0,1,0,0,0,0,0,0,0,0,0,1,0,0,1
31,1,1,3,4,0,3,1,2,2302,1,1,11,3,1,0,3,2,4,3,2,2,2,1,0,0,1,1,0,0,0,0,0,0,0,0,0,0,0,1,0,1
44,1,3,3,1,1,3,1,1,2362,4,0,12,3,3,0,10,4,4,3,2,1,2,0,1,1,0,1,0,0,0,0,0,1,0,0,0,0,0,0,1,0
41,0,1,3,3,0,3,2,1,4103,0,0,17,3,4,1,10,2,3,9,3,1,7,1,0,0,1,0,1,0,0,0,0,0,0,0,0,0,1,0,0,0
35,0,4,4,3,1,3,2,3,4249,1,1,11,3,2,0,9,3,3,9,6,1,1,1,0,1,0,1,0,0,0,0,0,0,0,0,0,1,0,0,0,1
38,0,2,2,2,0,3,2,1,6893,3,0,15,3,4,1,11,3,3,7,7,1,7,0,1,0,1,1,0,0,0,0,0,0,0,0,0,0,1,0,0,0
36,0,7,3,1,0,4,2,1,4639,2,0,16,3,4,1,17,2,2,15,7,6,13,1,0,0,1,0,1,0,0,0,0,0,0,0,0,0,1,0,1,0
48,0,4,3,4,1,3,3,4,7898,1,0,11,3,3,0,11,2,3,10,9,0,8,0,1,1,0,1,0,0,0,0,0,0,0,1,0,0,0,0,0,1
27,0,11,3,3,0,4,1,4,2534,8,0,14,3,2,1,5,4,3,1,0,0,0,0,1,0,1,0,0,1,0,0,0,0,0,0,0,0,0,1,1,0
34,0,29,3,2,1,3,2,3,5429,4,0,13,3,1,2,10,1,3,8,7,7,7,0,1,1,0,0,0,1,0,0,0,1,0,0,0,0,0,0,1,0
31,1,2,3,3,0,2,1,4,2785,7,0,14,3,3,0,3,3,4,1,0,0,0,1,0,0,1,1,0,0,0,0,0,0,0,0,0,0,0,1,0,1
34,0,2,4,3,0,3,2,4,6687,1,0,11,3,4,0,14,2,4,14,11,4,11,0,1,1,0,0,0,0,0,1,0,0,0,0,0,0,0,0,0,1
31,1,22,4,4,1,3,2,3,6179,1,1,15,3,4,2,10,3,2,10,2,6,7,0,1,1,0,0,0,1,0,0,0,0,0,1,0,0,0,0,1,0
39,0,21,4,1,1,2,2,4,6120,3,1,12,3,4,2,8,2,4,5,4,1,4,0,1,0,1,1,0,0,0,0,0,0,0,0,0,0,1,0,1,0
41,0,22,3,4,0,3,2,4,5467,3,1,14,3,1,2,12,4,2,6,2,3,3,1,0,1,0,1,0,0,0,0,0,0,0,0,0,1,0,0,0,0
37,0,4,1,3,1,3,1,3,2996,7,1,15,3,4,0,8,2,3,6,4,1,3,0,1,1,0,1,0,0,0,0,0,0,0,0,0,1,0,0,1,0
33,0,5,1,2,1,3,2,4,9998,6,0,13,3,1,0,8,2,4,5,4,1,2,1,0,0,1,1,0,0,0,0,0,0,0,0,0,0,1,0,1,0
25,0,18,1,1,1,4,2,3,6232,2,0,11,3,2,0,6,3,2,3,2,1,2,0,1,0,1,1,0,0,0,0,0,0,0,0,0,0,1,0,1,0
52,0,28,2,4,0,4,4,3,13247,2,1,11,3,2,1,24,3,2,5,3,0,2,1,0,1,0,0,0,1,0,0,0,0,0,1,0,0,0,0,1,0
27,0,10,3,4,0,2,2,4,5769,1,1,11,3,4,0,6,3,3,6,2,4,4,0,1,0,1,0,1,0,0,0,0,0,0,0,0,0,1,0,1,0
27,1,17,4,4,0,3,1,3,2394,1,1,13,3,4,0,8,2,3,8,2,7,7,0,1,1,0,1,0,0,0,0,0,0,0,0,0,1,0,0,0,1
26,0,2,1,1,1,2,1,4,3904,0,0,12,3,4,0,5,2,3,4,3,1,1,0,1,1,0,0,0,1,0,0,0,0,0,0,0,1,0,0,0,1
35,0,18,2,3,1,3,3,4,9362,2,0,11,3,3,0,10,2,3,2,2,2,2,1,0,1,0,1,0,0,0,0,0,0,0,1,0,0,0,0,0,1
25,0,1,3,1,1,3,1,4,3229,4,0,11,3,2,1,7,2,2,3,2,0,2,0,1,1,0,0,0,0,0,1,0,1,0,0,0,0,0,0,1,0
26,0,7,3,3,1,4,1,1,3578,0,0,12,3,4,0,8,2,3,7,7,0,7,0,1,1,0,0,0,0,1,0,0,1,0,0,0,0,0,0,0,1
29,0,17,3,2,1,2,3,1,7988,1,0,13,3,1,0,10,3,2,10,9,0,9,0,1,0,0,0,0,0,1,0,1,0,0,0,0,0,0,0,0,1
29,1,14,1,3,0,3,3,4,7553,0,1,12,3,1,0,9,1,3,8,7,7,7,1,0,1,0,0,0,0,1,0,0,0,0,0,0,0,0,0,0,1
36,0,3,4,1,0,3,2,2,9278,3,1,16,3,4,0,15,3,3,5,4,0,1,0,1,0,1,0,1,0,0,0,0,0,0,0,0,0,1,0,0,1
31,1,1,4,2,0,1,1,3,1359,1,0,12,3,2,0,1,3,3,1,0,0,0,1,0,0,1,1,0,0,0,0,0,0,0,0,0,0,0,1,0,1
30,0,7,4,4,0,3,2,1,4779,7,0,14,3,2,2,8,3,3,3,2,0,2,0,1,0,1,0,1,0,0,0,0,0,0,0,0,0,1,0,0,0
31,0,8,5,1,0,3,4,2,16422,3,0,11,3,3,0,9,3,4,3,2,1,0,0,1,1,0,1,0,0,0,0,0,0,0,0,1,0,0,0,0,1
34,0,1,4,4,1,3,1,1,2996,5,0,14,3,3,2,10,2,3,4,3,1,3,1,0,1,0,0,0,0,1,0,0,0,0,0,0,1,0,0,0,0
31,1,8,3,1,0,2,1,2,1261,1,0,12,3,3,0,1,3,4,1,0,0,0,0,1,1,0,1,0,0,0,0,0,0,0,0,0,1,0,0,0,1
27,0,11,1,2,1,3,1,1,2099,0,0,14,3,2,0,6,3,4,5,0,1,4,0,1,1,0,1,0,0,0,0,0,1,0,0,0,0,0,0,1,0
36,0,4,4,1,1,2,2,4,5810,1,0,16,3,3,0,10,2,2,10,4,1,8,0,1,1,0,1,0,0,0,0,0,1,0,0,0,0,0,0,0,1
36,0,16,4,3,0,2,2,1,5647,4,0,13,3,1,2,11,3,2,3,2,0,2,0,1,0,1,0,1,0,0,0,0,0,0,0,0,0,1,0,1,0
47,0,1,3,1,1,3,1,4,3420,7,0,12,3,3,1,17,2,2,6,5,1,2,0,1,1,0,0,0,0,0,1,0,0,0,0,0,1,0,0,1,0
25,1,9,2,1,1,2,1,1,4400,3,0,12,3,1,0,6,2,3,3,2,2,2,0,1,0,1,1,0,0,0,0,0,0,0,0,0,0,0,1,1,0
37,0,5,2,3,1,4,1,3,3500,0,0,14,3,1,0,7,2,1,6,5,1,3,0,0,1,0,0,0,0,0,1,0,1,0,0,0,0,0,0,0,1
24,0,4,1,4,0,3,2,3,4162,1,1,12,3,3,2,5,3,3,5,4,0,3,0,1,0,1,0,0,1,0,0,0,0,0,0,0,0,1,0,1,0
32,0,7,5,4,1,3,2,4,9204,4,0,12,3,3,1,7,3,2,4,3,0,3,0,1,0,1,0,1,0,0,0,0,0,0,0,0,0,1,0,1,0
34,0,1,3,4,0,2,1,2,3294,5,0,17,3,1,1,7,2,2,5,4,0,2,0,1,1,0,1,0,0,0,0,0,1,0,0,0,0,0,0,1,0
40,0,9,4,3,1,3,2,3,3975,3,0,11,3,3,2,11,2,4,8,7,0,7,0,0,1,0,0,0,0,1,0,0,1,0,0,0,0,0,0,0,0
46,1,9,3,1,1,3,3,4,10096,4,0,11,3,1,1,28,1,4,7,7,4,3,0,1,0,1,0,1,0,0,0,0,0,0,0,0,0,1,0,0,0
31,1,1,5,3,0,4,3,2,7446,1,0,11,3,1,0,10,2,3,10,8,4,7,1,0,1,0,1,0,0,0,0,0,0,0,1,0,0,0,0,0,1
45,0,20,3,2,1,1,3,1,10851,2,1,18,3,2,1,24,2,3,7,7,0,7,0,1,1,0,0,0,1,0,0,0,0,0,0,0,0,0,0,0,0
31,1,2,3,2,1,3,1,4,3722,6,1,13,3,3,1,7,2,1,2,2,2,2,1,0,1,0,1,0,0,0,0,0,1,0,0,0,0,0,0,1,0
45,0,29,3,2,1,3,3,4,9380,4,1,18,3,4,2,10,4,4,3,1,1,2,0,1,1,0,0,0,0,0,1,0,0,0,1,0,0,0,0,1,0
28,0,5,3,4,1,3,2,1,8463,0,0,18,3,4,0,6,4,3,5,4,1,3,0,1,0,1,0,0,1,0,0,0,0,0,0,0,0,1,0,0,1
40,0,2,3,3,1,3,1,3,2345,2,0,14,3,3,1,8,3,4,3,1,1,2,0,1,1,0,0,0,1,0,0,0,0,0,0,0,1,0,0,0,0
44,0,20,3,4,1,3,1,2,3420,1,0,13,3,3,0,6,3,2,5,2,1,3,0,1,1,0,1,0,0,0,0,0,0,0,0,0,1,0,0,0,1
33,0,7,3,4,1,3,2,1,4373,0,0,14,3,1,2,5,2,3,4,3,0,3,1,0,0,1,0,0,1,0,0,0,0,0,0,0,0,1,0,1,0
34,0,3,3,4,1,1,2,1,4759,3,0,18,3,4,0,15,2,3,13,9,3,12,0,1,0,1,0,0,0,1,0,0,0,0,0,0,0,1,0,0,1
30,0,16,1,4,1,3,2,3,5301,8,0,15,3,3,2,4,2,2,2,1,2,2,0,1,0,1,1,0,0,0,0,0,0,0,0,0,0,1,0,1,0
42,0,9,2,1,0,3,1,4,3673,1,0,13,3,3,0,12,3,3,12,9,5,8,1,0,1,0,0,0,1,0,0,0,1,0,0,0,0,0,0,0,1
44,0,1,5,1,0,3,2,3,4768,7,0,12,3,3,1,11,4,2,1,0,0,0,1,0,0,1,0,1,0,0,0,0,0,0,0,0,0,1,0,1,0
30,0,7,3,3,1,3,1,3,1274,1,0,13,3,2,2,1,2,2,1,0,0,0,0,0,1,0,0,0,0,0,1,0,0,0,0,0,1,0,0,0,0
28,1,1,3,1,1,3,1,3,2909,3,0,15,3,4,1,5,3,4,3,2,1,2,1,0,0,1,0,0,0,0,1,0,0,0,0,0,0,0,1,1,0
29,1,13,3,1,0,3,2,2,5765,5,0,11,3,1,0,7,4,1,5,3,0,0,1,0,0,1,0,0,0,0,1,0,0,0,0,0,0,1,0,0,1
35,0,7,1,4,1,3,1,3,2404,1,0,13,3,1,1,1,3,3,1,0,0,0,0,1,0,1,1,0,0,0,0,0,0,0,0,0,0,0,1,1,0
24,1,9,3,2,1,3,1,1,3172,2,1,11,3,3,0,4,2,2,0,0,0,0,1,0,1,0,0,0,1,0,0,0,1,0,0,0,0,0,0,0,1
24,0,13,2,4,0,3,1,2,2033,1,0,13,3,3,1,1,2,3,1,0,0,0,0,0,0,1,1,0,0,0,0,0,0,0,0,0,0,0,1,1,0
44,0,2,1,2,1,3,3,3,10209,5,1,18,3,2,0,16,2,2,2,2,2,2,1,0,1,0,0,0,1,0,0,0,0,0,1,0,0,0,0,0,1
29,0,19,3,3,1,2,2,3,8620,1,0,14,3,3,2,10,3,3,10,7,0,4,0,1,0,1,1,0,0,0,0,0,0,0,0,0,0,1,0,0,0
55,0,4,4,4,1,3,2,3,4035,0,1,16,3,2,0,4,2,3,3,2,1,2,0,1,1,0,1,0,0,0,0,0,0,0,0,0,0,0,0,1,0
47,0,14,3,3,0,3,2,3,4591,3,1,17,3,3,1,11,4,2,5,4,1,2,0,1,0,1,0,0,1,0,0,0,0,0,0,0,0,1,0,1,0
28,1,2,2,3,1,2,1,1,2561,7,0,11,3,3,0,8,2,2,0,0,0,0,1,0,1,0,0,0,1,0,0,0,1,0,0,0,0,0,0,0,1
28,0,1,3,1,1,2,1,3,1563,1,0,14,3,4,1,1,2,1,1,0,0,0,0,1,1,0,1,0,0,0,0,0,0,0,0,0,1,0,0,0,0
28,0,29,1,3,1,1,2,2,6549,1,0,14,3,2,2,8,2,2,8,6,1,7,0,1,1,0,1,0,0,0,0,0,0,0,1,0,0,0,0,1,0
29,1,1,4,1,1,2,1,1,2362,6,0,13,3,3,0,11,2,1,9,7,0,7,0,1,1,0,0,0,0,0,1,0,0,0,0,0,1,0,0,0,1
39,0,6,3,2,0,3,3,2,8376,4,0,18,3,4,0,9,3,3,2,0,2,2,0,1,1,0,1,0,0,0,0,0,0,0,1,0,0,0,0,0,1
35,0,16,3,4,0,2,3,2,8606,1,0,19,3,4,0,11,3,1,11,8,3,3,0,1,1,0,1,0,0,0,0,0,0,0,0,0,0,0,0,0,1
23,0,20,1,1,1,3,2,3,2272,0,0,14,3,2,0,5,2,3,4,3,1,2,0,1,1,0,1,0,0,0,0,0,1,0,0,0,0,0,0,0,1
40,1,9,4,4,1,3,1,1,2018,3,0,14,3,2,0,15,3,1,5,4,1,0,0,1,1,0,1,0,0,0,0,0,1,0,0,0,0,0,0,0,1
31,1,3,3,4,0,3,1,3,4084,1,0,12,3,1,0,7,2,1,7,2,7,7,1,0,1,0,1,0,0,0,0,0,0,0,0,0,1,0,0,0,1
42,0,2,3,3,1,2,1,2,4841,4,0,14,3,2,1,4,3,3,1,0,0,0,0,1,1,0,0,0,1,0,0,0,1,0,0,0,0,0,0,1,0
37,0,13,3,1,1,3,2,4,4285,1,0,17,3,1,0,10,2,3,10,8,3,7,0,1,1,0,0,0,1,0,0,0,0,0,0,0,1,0,0,1,0
29,0,8,1,3,0,1,2,1,9715,3,0,13,3,3,1,9,3,3,7,7,0,7,0,1,1,0,0,0,0,1,0,0,0,0,0,0,0,0,0,1,0
33,0,25,3,4,1,2,2,2,4320,1,0,13,3,4,0,5,2,3,5,3,0,2,0,1,1,0,1,0,0,0,0,0,0,0,1,0,0,0,0,0,1
33,0,28,4,2,1,3,2,3,5207,1,1,12,3,2,1,15,3,3,15,14,5,7,0,1,1,0,1,0,0,0,0,0,1,0,0,0,0,0,0,1,0
40,0,8,2,4,1,3,2,4,4069,3,1,18,3,3,0,8,2,3,2,2,2,2,0,0,1,0,1,0,0,0,0,0,0,0,0,0,0,0,0,0,0
32,0,5,2,4,0,2,2,2,5878,3,0,12,3,1,1,12,2,3,7,1,2,5,0,1,1,0,1,0,0,0,0,0,0,0,0,0,1,0,0,1,0
48,0,16,4,3,0,3,2,3,6439,8,0,14,3,3,1,18,2,3,8,7,7,7,0,1,0,1,1,0,0,0,0,0,0,0,0,0,0,1,0,0,0
29,0,9,3,3,1,4,1,3,2451,6,0,18,3,1,2,5,2,2,1,0,0,0,0,1,1,0,1,0,0,0,0,0,0,0,0,0,1,0,0,1,0
30,1,1,3,2,1,2,2,1,9714,1,0,11,3,4,1,10,4,3,10,8,6,7,0,1,0,1,1,0,0,0,0,0,0,0,0,0,0,1,0,1,0
38,0,10,4,3,1,3,2,3,6077,3,0,11,3,3,0,10,2,3,6,3,1,2,1,0,0,0,0,0,0,0,0,1,0,0,0,0,0,0,0,1,0
35,0,1,3,4,1,2,1,1,2450,1,0,19,3,2,0,3,3,3,3,0,1,2,0,1,1,0,0,0,1,0,0,0,1,0,0,0,0,0,0,0,1
30,0,29,4,3,1,3,3,2,9250,3,0,12,3,2,1,9,3,3,4,2,1,3,0,1,0,1,0,0,0,0,1,0,0,0,0,0,0,1,0,1,0
35,1,2,3,1,0,3,1,1,2074,1,1,12,3,4,1,1,2,3,1,0,0,0,0,1,1,0,1,0,0,0,0,0,1,0,0,0,0,0,0,0,0
38,1,2,3,3,1,3,2,2,4855,4,0,11,3,1,2,7,2,3,5,2,1,4,0,1,1,0,0,0,1,0,0,0,0,0,1,0,0,0,0,1,0
32,0,1,4,4,1,3,2,1,4087,4,0,14,3,2,1,9,3,2,6,5,1,2,0,0,1,0,0,0,0,0,1,0,0,0,0,0,1,0,0,1,0
48,0,15,4,3,0,3,1,1,2367,8,0,12,3,4,1,10,3,2,8,2,7,6,0,1,1,0,0,0,0,1,0,0,0,0,0,0,1,0,0,1,0
34,0,7,4,1,1,3,1,4,2972,1,0,13,3,3,0,1,4,1,1,0,0,0,0,1,1,0,0,0,1,0,0,0,0,0,0,0,1,0,0,0,1
38,0,14,3,3,1,3,2,2,9924,0,0,11,3,4,1,10,3,3,9,8,7,7,0,1,0,1,1,0,0,0,0,0,0,0,0,0,0,1,0,1,0
29,0,3,1,2,1,3,1,1,4723,1,1,18,3,4,0,10,3,3,10,9,1,5,0,1,1,0,0,0,1,0,0,0,1,0,0,0,0,0,0,0,1
35,0,10,4,1,0,3,2,3,6142,3,1,16,3,3,0,10,4,3,5,2,0,4,0,1,1,0,0,0,1,0,0,0,0,0,0,0,0,0,0,0,1
39,0,6,3,4,1,4,3,3,8237,2,0,11,3,1,1,11,3,3,7,6,7,6,0,1,0,1,0,0,1,0,0,0,0,0,0,0,0,1,0,1,0
23,0,10,3,4,1,4,1,3,2073,2,0,16,3,4,1,4,2,3,2,2,2,2,0,1,1,0,0,0,0,0,1,0,0,0,0,0,1,0,0,1,0
36,0,6,4,1,1,4,2,1,5562,3,1,13,3,4,1,9,3,3,3,2,0,2,1,0,1,0,1,0,0,0,0,0,1,0,0,0,0,0,0,1,0
35,0,28,3,2,1,4,2,3,3407,1,0,17,3,4,2,10,3,2,10,9,6,8,0,1,1,0,1,0,0,0,0,0,1,0,0,0,0,0,0,1,0
34,0,10,4,4,1,2,2,3,5063,1,0,14,3,2,1,8,3,2,8,2,7,7,1,0,1,0,0,0,0,0,1,0,0,0,0,0,0,0,0,1,0
40,0,14,2,4,0,3,2,1,4639,1,0,15,3,3,1,5,2,3,5,4,1,2,0,1,0,1,1,0,0,0,0,0,0,0,0,0,0,1,0,1,0
22,0,26,2,2,0,2,1,3,2814,1,1,14,3,2,0,4,2,2,4,2,1,3,0,0,1,0,0,0,0,1,0,0,0,0,0,0,1,0,0,1,0
32,0,5,4,2,0,4,1,4,3312,3,0,17,3,4,2,6,3,3,3,2,0,2,0,1,1,0,0,0,0,1,0,0,0,0,0,0,1,0,0,1,0
30,0,7,3,2,1,2,1,2,2141,1,0,12,3,2,1,6,3,2,6,4,1,1,0,1,1,0,0,0,1,0,0,0,0,0,0,0,1,0,0,1,0
45,0,5,5,3,0,1,2,1,5769,1,1,14,3,1,0,10,3,3,10,7,1,4,0,1,1,0,0,0,1,0,0,0,1,0,0,0,0,0,0,0,1
45,0,26,3,1,1,2,2,1,4385,1,0,15,3,1,1,10,2,3,10,7,4,5,0,0,0,1,0,1,0,0,0,0,0,0,0,0,0,1,0,1,0
31,0,2,4,4,1,3,2,1,5332,7,0,13,3,4,0,10,3,3,5,2,0,3,1,0,0,1,0,0,0,1,0,0,0,0,0,0,0,1,0,0,1
34,0,10,4,3,1,4,2,4,4724,1,0,13,3,1,1,9,3,3,9,7,7,2,1,0,1,0,1,0,0,0,0,0,0,0,1,0,0,0,0,0,0
49,0,25,4,3,0,3,1,1,3211,1,0,14,3,4,1,10,3,2,9,6,1,4,0,1,1,0,1,0,0,0,0,0,1,0,0,0,0,0,0,1,0
27,0,19,3,4,1,2,1,1,4066,1,0,11,3,1,2,7,3,3,7,7,0,7,0,1,1,0,0,0,0,1,0,0,1,0,0,0,0,0,0,0,0
21,0,5,1,3,1,3,1,4,3117,1,0,18,3,3,0,3,2,3,2,2,2,2,0,1,1,0,0,0,1,0,0,0,0,0,0,0,1,0,0,0,1
18,1,3,2,2,0,3,1,4,1569,1,1,12,3,3,0,0,2,4,0,0,0,0,1,0,0,1,0,0,1,0,0,0,0,0,0,0,0,0,1,0,1
39,0,3,2,3,1,2,2,3,3069,0,0,15,3,4,1,11,3,3,10,8,0,7,0,1,1,0,0,0,1,0,0,0,1,0,0,0,0,0,0,0,0
39,0,4,3,1,0,3,2,3,5042,0,0,13,3,4,0,10,2,1,9,2,3,8,1,0,1,0,0,0,1,0,0,0,0,0,1,0,0,0,0,0,1
45,0,2,2,4,0,2,2,4,5770,1,0,19,3,1,2,10,3,3,10,7,3,9,0,1,1,0,0,0,0,1,0,0,0,0,1,0,0,0,0,0,0
37,0,10,3,2,0,3,1,2,3936,1,0,11,3,1,1,8,2,1,8,4,7,7,0,1,1,0,0,0,1,0,0,0,0,0,0,0,1,0,0,1,0
40,0,16,3,3,0,3,3,4,7945,6,1,15,3,4,0,18,2,2,4,2,3,3,0,1,1,0,1,0,0,0,0,0,0,0,1,0,0,0,0,0,1
44,0,1,5,1,1,3,2,4,5743,4,1,11,3,3,0,14,3,3,10,7,0,2,1,0,0,0,0,0,0,0,0,1,0,0,0,0,0,0,0,1,0
35,1,15,2,1,1,1,2,4,5440,6,1,14,3,4,2,7,2,2,2,2,2,2,0,1,0,1,0,0,1,0,0,0,0,0,0,0,0,1,0,0,0
24,0,2,1,1,0,3,1,4,3760,1,1,13,3,3,0,6,2,3,6,3,1,3,1,0,1,0,0,0,0,0,1,0,0,0,0,0,1,0,0,0,1
40,1,7,3,1,1,3,1,1,2166,3,1,14,3,2,0,10,3,1,4,2,0,3,0,1,1,0,1,0,0,0,0,0,1,0,0,0,0,0,0,0,1
49,0,22,4,1,0,3,4,2,16413,3,0,16,3,2,2,27,2,3,4,2,1,2,0,1,1,0,0,0,0,1,0,0,0,0,0,1,0,0,0,1,0
20,0,2,3,3,0,3,1,3,2783,1,0,19,3,1,0,2,3,3,2,2,2,2,0,1,0,1,0,0,1,0,0,0,0,0,0,0,0,0,1,0,1
34,0,3,3,4,0,3,2,2,5433,1,0,12,3,3,1,11,2,3,11,8,7,9,0,1,1,0,1,0,0,0,0,0,0,0,0,0,1,0,0,0,0
36,0,7,3,1,1,3,1,2,2013,2,0,11,3,3,0,15,4,3,4,3,1,3,0,1,1,0,1,0,0,0,0,0,1,0,0,0,0,0,0,0,1
38,0,1,3,4,1,3,2,4,4735,7,0,15,3,4,2,19,4,4,13,11,2,9,1,0,1,0,1,0,0,0,0,0,0,0,0,0,1,0,0,1,0
29,0,5,3,1,1,2,2,2,4187,1,1,13,3,2,1,10,3,2,10,0,0,9,0,1,0,1,0,0,1,0,0,0,0,0,0,0,0,1,0,0,0
32,0,2,3,4,1,3,2,2,5470,0,0,13,3,3,2,10,4,2,9,5,1,6,0,1,1,0,0,0,1,0,0,0,0,0,0,0,1,0,0,0,0
31,0,5,4,1,0,3,2,4,5476,1,0,11,3,1,2,10,2,3,10,0,0,2,0,1,0,1,1,0,0,0,0,0,0,0,0,0,0,1,0,1,0
49,0,16,3,4,0,3,1,1,2587,4,1,16,3,2,1,17,2,2,2,2,2,2,0,1,1,0,0,0,1,0,0,0,1,0,0,0,0,0,0,0,0
49,0,1,3,3,1,3,4,3,15379,4,0,14,3,1,0,23,2,3,8,7,0,0,0,1,1,0,1,0,0,0,0,0,0,1,0,0,0,0,0,0,1
41,0,23,2,4,1,3,3,3,7082,3,1,16,3,4,0,21,2,3,2,0,0,2,0,1,0,1,1,0,0,0,0,0,0,0,0,0,0,1,0,0,1
20,0,9,1,4,1,3,1,1,2728,1,0,11,3,1,0,2,3,3,2,2,0,2,0,1,0,1,1,0,0,0,0,0,0,0,0,0,0,0,1,0,1
36,0,26,4,1,1,3,2,3,5347,6,0,14,3,2,2,10,2,2,3,2,0,2,0,1,1,0,1,0,0,0,0,0,0,0,0,0,0,0,0,1,0
23,1,8,1,4,1,2,1,3,3989,1,1,11,3,1,0,5,2,3,5,4,1,2,0,1,1,0,0,0,1,0,0,0,1,0,0,0,0,0,0,0,1
53,0,24,4,2,1,4,3,4,7005,3,0,15,3,3,0,11,2,3,4,3,1,2,0,1,1,0,0,0,1,0,0,0,0,0,0,0,0,0,0,1,0
48,1,7,2,4,0,3,1,3,2655,2,1,11,3,3,2,19,3,3,9,7,7,7,1,0,0,1,0,0,1,0,0,0,0,0,0,0,0,0,1,1,0
32,1,2,4,4,1,3,1,2,1393,1,0,12,3,1,0,1,2,3,1,0,0,0,0,1,1,0,1,0,0,0,0,0,1,0,0,0,0,0,0,0,1
55,0,22,3,1,1,2,1,2,3537,5,0,12,3,4,1,8,1,3,4,2,1,2,0,1,1,0,0,0,0,0,1,0,0,0,0,0,1,0,0,0,0
34,0,5,2,2,1,2,2,4,3986,1,0,14,3,3,1,15,3,4,15,10,4,13,0,1,1,0,0,0,1,0,0,0,1,0,0,0,0,0,0,1,0
37,0,1,4,3,1,1,2,4,9525,1,0,14,3,3,2,6,2,2,6,3,1,3,1,0,0,1,0,0,1,0,0,0,0,0,0,0,0,1,0,0,0
44,0,2,3,3,0,4,3,4,7879,1,1,19,3,2,1,9,2,3,8,7,6,7,0,1,1,0,1,0,0,0,0,0,0,0,0,0,0,0,0,1,0
35,0,2,4,1,1,2,1,4,4930,0,1,14,3,3,0,6,2,4,5,4,1,4,1,0,1,0,0,0,1,0,0,0,0,0,0,0,1,0,0,0,1
24,0,9,3,3,1,4,1,3,4401,1,0,16,3,4,1,5,1,3,5,3,0,4,0,1,1,0,0,0,1,0,0,0,0,0,0,0,1,0,0,1,0
36,0,2,4,3,0,3,2,4,4502,3,0,15,3,3,0,17,2,2,13,7,6,7,0,1,0,1,1,0,0,0,0,0,0,0,0,0,0,0,1,0,1
24,1,22,1,4,1,1,1,3,1555,1,0,11,3,3,1,1,2,3,1,0,0,0,0,1,0,0,0,0,0,0,0,1,0,0,0,0,0,0,0,1,0
32,0,10,3,1,1,3,1,3,3433,6,0,13,3,1,1,10,3,2,5,2,1,3,1,0,1,0,1,0,0,0,0,0,0,0,0,0,1,0,0,1,0
31,0,2,4,2,1,3,1,3,3477,1,0,14,3,4,1,6,2,4,5,2,0,3,0,1,1,0,1,0,0,0,0,0,1,0,0,0,0,0,0,1,0
41,0,4,3,3,1,1,2,2,6430,6,0,19,3,2,1,10,4,3,3,2,1,2,0,0,0,0,0,0,0,0,0,1,0,0,0,0,0,0,0,1,0
40,0,8,2,2,0,3,2,1,6516,2,1,16,3,2,1,18,3,3,1,0,0,0,0,1,1,0,1,0,0,0,0,0,0,0,1,0,0,0,0,1,0
46,0,13,4,3,1,3,2,2,5562,6,0,14,3,4,0,19,3,3,10,7,0,9,0,1,1,0,1,0,0,0,0,0,0,0,0,0,0,0,0,0,1
35,0,27,4,4,1,3,2,3,6883,2,0,16,3,2,1,17,3,3,7,7,0,7,0,1,1,0,1,0,0,0,0,0,0,0,1,0,0,0,0,1,0
30,0,16,1,2,1,3,1,4,2862,1,0,12,3,2,1,10,2,2,10,0,0,8,0,1,1,0,1,0,0,0,0,0,0,0,0,0,1,0,0,1,0
47,0,2,4,3,1,3,2,2,4978,7,0,11,3,4,1,4,3,1,1,0,0,0,0,0,0,1,0,1,0,0,0,0,0,0,0,0,0,1,0,1,0
32,1,1,2,1,1,1,2,2,6735,6,0,15,3,2,0,10,2,3,0,0,0,0,0,1,0,1,1,0,0,0,0,0,0,0,0,0,0,1,0,0,1
23,0,4,1,3,0,3,1,2,3295,1,0,13,3,3,0,3,3,1,3,2,1,2,0,1,1,0,0,0,1,0,0,0,1,0,0,0,0,0,0,0,1
39,0,1,3,4,1,3,2,4,6472,1,1,15,3,4,1,9,2,3,9,8,5,8,0,0,1,0,1,0,0,0,0,0,1,0,0,0,0,0,0,1,0
32,0,19,3,4,1,1,3,3,9610,3,0,13,3,3,1,10,2,1,4,3,0,2,0,1,0,1,1,0,0,0,0,0,0,0,0,0,0,1,0,1,0
30,0,2,4,4,0,2,1,1,4968,0,0,16,3,4,0,10,2,3,9,7,0,7,1,0,1,0,0,0,0,0,1,0,0,0,0,0,1,0,0,0,1
24,0,10,3,1,1,3,1,4,2145,0,0,14,3,4,1,3,2,3,2,2,2,1,1,0,0,0,0,0,1,0,0,1,0,0,0,0,0,0,0,1,0
31,0,5,3,1,1,3,2,3,8346,1,0,19,3,3,1,6,3,3,5,2,0,2,0,1,0,1,0,0,0,0,1,0,0,0,0,0,0,1,0,1,0
29,1,9,3,2,0,1,1,2,2760,1,0,13,3,3,0,2,3,3,2,2,2,2,0,1,0,1,0,1,0,0,0,0,0,0,0,0,0,0,1,0,1
30,0,15,2,3,1,2,3,1,7140,2,0,11,3,1,1,12,2,3,7,7,1,7,0,1,0,1,0,1,0,0,0,0,0,0,0,0,0,1,0,0,0
33,0,2,3,4,0,3,2,2,5147,8,0,15,3,4,0,13,2,2,11,7,1,7,0,0,0,1,0,1,0,0,0,0,0,0,0,0,0,1,0,0,1
49,0,11,4,4,0,3,2,4,4507,3,0,12,3,3,0,8,1,4,5,1,0,4,0,1,0,1,0,1,0,0,0,0,0,0,0,0,0,1,0,0,1
38,0,2,2,3,0,2,1,2,2468,4,0,14,3,2,1,9,4,2,6,1,0,5,1,0,1,0,0,0,1,0,0,0,1,0,0,0,0,0,0,1,0
29,0,4,3,4,0,2,1,1,2109,1,0,13,3,3,1,1,2,3,1,0,0,0,0,1,1,0,0,0,0,0,1,0,0,0,0,0,1,0,0,0,0
30,0,16,3,3,1,4,2,3,5294,3,0,16,3,3,1,10,3,3,7,0,1,7,0,1,1,0,1,0,0,0,0,0,0,0,0,0,0,0,0,1,0
32,0,5,4,2,1,3,1,2,2718,2,0,14,3,2,0,12,3,3,7,7,0,7,0,0,1,0,0,0,0,0,1,0,0,0,0,0,1,0,0,0,1
38,0,18,3,2,1,1,2,4,5811,3,1,16,3,3,1,15,2,3,1,0,1,0,0,1,1,0,0,0,1,0,0,0,0,0,0,0,0,0,0,1,0
33,0,4,3,4,1,3,2,2,3055,5,0,15,3,4,2,11,2,2,9,8,1,7,0,0,1,0,0,0,0,0,1,0,0,0,0,0,1,0,0,0,0
34,0,10,3,4,1,3,2,3,4001,1,1,14,3,3,1,15,3,3,15,14,0,7,0,0,0,1,1,0,0,0,0,0,0,0,0,0,0,1,0,0,0
34,0,3,2,4,0,1,2,4,6029,5,0,12,3,1,0,6,3,3,2,2,2,2,0,1,0,1,1,0,0,0,0,0,0,0,0,0,0,1,0,0,1
21,1,7,1,2,1,3,1,2,2679,1,0,13,3,2,0,1,3,3,1,0,1,0,0,1,0,1,0,1,0,0,0,0,0,0,0,0,0,0,1,0,1
38,0,6,2,4,0,2,1,3,3702,1,0,11,3,2,1,5,3,3,5,4,0,4,0,1,1,0,0,0,0,1,0,0,1,0,0,0,0,0,0,1,0
31,0,29,4,1,0,2,2,4,5468,1,0,14,3,1,2,13,3,3,12,7,5,7,0,1,0,1,0,1,0,0,0,0,0,0,0,0,0,1,0,1,0
51,0,3,3,1,0,3,3,3,13116,2,0,11,3,4,0,15,2,3,2,2,2,2,0,1,1,0,0,0,0,0,1,0,0,1,0,0,0,0,0,1,0
37,0,9,2,2,1,2,2,2,4189,1,0,14,3,1,2,5,2,3,5,2,0,3,0,1,0,1,0,1,0,0,0,0,0,0,0,0,0,1,0,1,0
36,0,10,3,4,1,3,3,1,8321,7,1,13,3,4,1,15,1,3,12,8,5,7,0,1,1,0,1,0,0,0,0,0,0,0,0,0,0,0,0,1,0
37,0,8,2,3,1,3,2,2,4071,2,0,13,3,3,0,19,4,2,10,0,4,7,0,1,0,0,0,0,0,1,0,1,0,0,0,0,0,0,0,0,0
35,1,27,3,3,1,3,2,4,5813,1,1,18,3,4,0,10,2,3,10,7,7,7,0,1,0,1,1,0,0,0,0,0,0,0,0,0,0,1,0,0,1
33,0,8,4,4,1,4,1,1,3143,6,0,19,3,2,1,14,1,3,10,8,7,6,0,1,1,0,1,0,0,0,0,0,0,0,0,0,1,0,0,1,0
46,0,26,2,2,1,2,2,2,7991,8,0,15,3,3,0,6,3,3,2,2,2,2,0,0,0,1,1,0,0,0,0,0,0,0,0,0,0,1,0,0,1
42,0,13,3,2,1,4,2,1,5538,5,0,18,3,3,2,10,2,2,0,0,0,0,0,1,1,0,0,0,1,0,0,0,0,0,0,0,0,0,0,1,0
34,1,9,4,4,1,3,2,1,5346,4,0,17,3,3,1,11,3,2,7,1,0,7,1,0,1,0,1,0,0,0,0,0,1,0,0,0,0,0,0,1,0
37,1,10,4,4,1,3,2,1,4213,1,0,15,3,2,0,10,4,1,10,3,0,8,0,1,1,0,0,0,1,0,0,0,0,0,1,0,0,0,0,0,1
43,0,9,3,1,1,3,1,3,2438,4,0,13,3,3,0,7,2,2,3,2,1,2,0,0,1,0,1,0,0,0,0,0,0,0,0,0,1,0,0,0,1
41,0,5,3,2,1,4,2,2,6870,3,0,12,3,1,0,11,3,1,3,2,1,2,0,1,1,0,1,0,0,0,0,0,0,0,0,0,0,0,0,0,1
26,1,20,2,4,0,3,1,2,2148,0,1,11,3,3,0,6,3,3,5,1,1,4,0,1,0,0,0,0,1,0,0,1,0,0,0,0,0,0,0,1,0
40,0,1,3,3,0,3,2,4,6513,4,0,17,3,4,1,12,3,3,5,3,0,3,0,1,1,0,1,0,0,0,0,0,0,0,0,0,0,0,0,0,0
35,0,23,4,2,1,1,1,3,2705,0,0,16,3,2,1,6,2,4,5,4,0,3,0,1,1,0,0,0,1,0,0,0,1,0,0,0,0,0,0,1,0
40,0,12,3,2,0,3,2,1,4448,2,0,12,3,2,1,15,3,3,7,4,7,7,0,1,1,0,1,0,0,0,0,0,0,0,0,0,0,0,0,0,0
54,0,7,4,4,0,3,2,4,6854,4,0,15,3,2,1,14,2,2,7,1,1,7,0,1,1,0,0,0,1,0,0,0,0,0,0,0,1,0,0,1,0
31,0,7,4,1,0,3,3,1,9637,2,0,14,3,4,2,9,3,3,3,2,2,2,1,0,0,1,0,1,0,0,0,0,0,0,0,0,0,1,0,1,0
26,0,10,3,3,1,3,2,4,4684,1,0,13,3,1,0,5,4,3,5,3,1,2,0,1,0,1,0,0,1,0,0,0,0,0,0,0,0,1,0,0,1
58,0,15,4,1,1,3,4,3,15787,2,1,14,3,2,0,23,3,3,2,2,2,2,1,0,1,0,1,0,0,0,0,0,0,0,0,1,0,0,0,1,0
18,0,14,3,2,0,3,1,3,1514,1,0,16,3,3,0,0,4,1,0,0,0,0,0,0,1,0,0,0,1,0,0,0,0,0,0,0,1,0,0,0,1
31,1,18,5,4,1,4,1,1,2956,0,0,17,3,3,0,2,4,3,1,0,0,0,0,1,0,0,0,0,0,0,0,1,0,0,0,0,0,0,0,1,0
27,0,5,2,4,0,3,1,4,2379,0,1,14,3,3,0,6,3,2,5,4,0,2,1,0,1,0,1,0,0,0,0,0,1,0,0,0,0,0,0,0,1
29,0,20,1,4,1,3,1,4,3812,1,0,13,3,2,0,11,3,4,11,8,3,10,1,0,1,0,0,0,1,0,0,0,1,0,0,0,0,0,0,1,0
32,0,10,4,4,1,3,2,4,4648,8,0,13,3,3,0,4,2,4,0,0,0,0,1,0,0,1,0,1,0,0,0,0,0,0,0,0,0,1,0,0,1
47,0,9,4,2,0,3,1,3,2105,4,0,12,3,3,0,7,2,3,2,2,2,0,0,1,1,0,1,0,0,0,0,0,1,0,0,0,0,0,0,0,1
46,0,2,2,4,1,3,3,4,8578,3,0,14,3,3,1,12,4,2,9,8,4,7,0,1,1,0,1,0,0,0,0,0,0,0,1,0,0,0,0,0,0
28,0,1,2,3,1,3,1,4,2706,1,0,15,3,2,1,3,2,3,3,2,2,2,0,0,0,0,1,0,0,0,0,1,0,0,0,0,0,0,0,0,0
29,0,29,1,4,1,1,2,3,6384,8,0,17,3,4,2,11,3,3,7,0,1,6,0,1,1,0,1,0,0,0,0,0,0,0,0,0,0,0,0,0,0
42,0,8,3,4,1,3,1,3,3968,4,0,13,3,4,0,8,3,3,0,0,0,0,0,1,1,0,1,0,0,0,0,0,1,0,0,0,0,0,0,0,1
32,1,2,4,3,1,2,2,2,9907,7,1,12,3,3,0,7,3,2,2,2,2,2,0,1,0,1,0,1,0,0,0,0,0,0,0,0,0,1,0,0,1
29,0,6,1,4,1,2,1,2,2804,1,0,11,3,4,0,1,3,3,1,0,0,0,0,1,0,0,0,0,1,0,0,1,0,0,0,0,0,0,0,1,0
27,0,15,3,4,0,2,1,1,4774,0,0,19,3,4,1,8,2,2,7,6,7,3,1,0,1,0,1,0,0,0,0,0,0,0,0,0,1,0,0,1,0
28,0,3,3,2,0,3,1,2,2856,1,0,19,3,4,1,1,3,3,1,0,0,0,0,1,0,1,0,0,1,0,0,0,0,0,0,0,0,0,1,1,0
30,1,9,3,2,1,3,1,4,1081,1,0,13,3,3,0,1,3,2,1,0,0,0,0,1,0,1,0,0,1,0,0,0,0,0,0,0,0,0,1,0,1
36,0,10,4,2,0,2,2,3,5673,1,1,13,3,1,1,10,4,3,10,9,1,7,0,1,0,1,0,0,0,0,1,0,0,0,0,0,0,1,0,1,0
31,0,20,3,2,1,3,2,3,4197,1,0,11,3,1,1,10,2,3,10,8,0,2,0,1,1,0,1,0,0,0,0,0,1,0,0,0,0,0,0,0,0
29,0,7,3,4,1,3,1,1,2062,3,0,14,3,2,0,11,2,3,3,2,1,2,0,1,1,0,1,0,0,0,0,0,1,0,0,0,0,0,0,0,1
35,0,16,2,4,0,2,2,2,4788,0,1,11,3,4,0,4,2,3,3,2,0,2,0,1,1,0,0,0,0,1,0,0,0,0,1,0,0,0,0,1,0
45,0,25,2,2,0,2,2,4,5906,0,0,13,3,4,2,10,2,2,9,8,3,8,0,1,1,0,1,0,0,0,0,0,0,0,1,0,0,0,0,1,0
26,0,1,2,2,0,2,1,3,2933,1,1,13,3,3,1,1,3,2,1,0,1,0,0,1,1,0,1,0,0,0,0,0,0,0,0,0,1,0,0,1,0
56,1,24,2,1,1,3,1,4,2587,1,0,16,3,4,0,5,3,3,4,2,1,0,0,1,1,0,1,0,0,0,0,0,1,0,0,0,0,0,0,0,1
36,0,17,2,3,1,2,2,2,5507,2,0,16,3,3,2,12,1,1,4,2,1,3,0,1,0,1,0,1,0,0,0,0,0,0,0,0,0,1,0,1,0
31,0,10,2,3,0,3,2,4,6583,2,1,11,3,4,1,8,2,3,5,2,1,4,0,1,0,1,0,0,1,0,0,0,0,0,0,0,0,1,0,0,0
34,0,3,1,4,0,2,2,4,8103,3,1,12,3,3,0,9,3,2,4,2,0,1,0,1,0,1,0,0,1,0,0,0,0,0,0,0,0,1,0,1,0
26,0,6,3,3,1,4,1,4,2544,0,0,18,3,1,1,8,3,3,7,7,7,7,1,0,1,0,0,0,0,1,0,0,1,0,0,0,0,0,0,1,0
45,0,1,4,2,1,3,2,3,5399,4,0,12,3,3,0,12,3,3,4,2,0,3,1,0,1,0,0,0,1,0,0,0,0,0,0,0,0,0,0,0,1
33,0,10,4,2,1,3,2,3,5487,1,0,14,3,2,0,10,2,2,10,4,0,9,0,1,0,1,0,1,0,0,0,0,0,0,0,0,0,1,0,0,1
28,0,1,2,3,1,2,2,4,6834,1,1,12,3,3,1,7,2,3,7,7,0,7,1,0,0,1,1,0,0,0,0,0,0,0,0,0,0,1,0,1,0
29,1,24,3,3,1,4,1,1,1091,1,0,17,3,4,0,1,3,3,1,0,0,0,1,0,0,1,0,0,0,0,1,0,0,0,0,0,0,0,1,0,1
39,0,21,4,1,0,1,2,3,5736,6,0,19,3,3,1,10,1,3,3,2,1,2,0,0,0,1,1,0,0,0,0,0,0,0,0,0,0,1,0,1,0
27,0,2,4,2,1,3,1,2,2226,1,0,11,3,3,1,6,3,2,5,3,1,2,0,1,1,0,0,0,0,0,1,0,0,0,0,0,1,0,0,1,0
34,0,22,4,3,1,2,2,4,5747,1,1,15,3,2,0,16,3,3,15,10,6,11,1,0,1,0,0,0,0,1,0,0,0,0,0,0,1,0,0,1,0
47,0,14,4,3,1,3,2,2,5467,8,0,18,3,3,1,16,4,4,8,7,1,7,0,0,1,0,0,0,0,0,1,0,0,0,0,0,1,0,0,1,0
56,0,11,5,4,0,2,2,1,5380,4,0,16,3,3,1,6,3,3,0,0,0,0,0,1,0,1,0,1,0,0,0,0,0,0,0,0,0,1,0,1,0
32,1,5,2,1,0,4,1,3,2432,3,1,14,3,1,0,8,2,3,4,1,0,3,1,0,1,0,1,0,0,0,0,0,0,0,0,0,1,0,0,0,1
42,0,12,4,2,1,3,2,4,5087,3,1,12,3,3,2,14,4,3,0,0,0,0,0,1,0,1,0,1,0,0,0,0,0,0,0,0,0,1,0,0,0
27,1,22,3,1,0,2,1,2,2863,1,0,12,3,1,0,1,2,3,1,0,0,0,1,0,0,0,0,0,0,0,0,1,0,0,0,0,0,0,0,1,0
35,0,18,4,2,1,3,2,1,5561,0,0,16,3,4,1,6,2,1,5,3,0,4,0,1,0,1,0,0,1,0,0,0,0,0,0,0,0,1,0,1,0
28,0,16,3,3,1,3,1,3,2144,1,0,14,3,3,0,5,3,2,5,3,1,4,0,0,1,0,0,0,1,0,0,0,0,0,0,0,1,0,0,0,1
31,0,3,2,3,1,3,1,1,3065,1,1,13,3,4,1,4,3,4,4,2,2,3,0,0,1,0,0,0,1,0,0,0,0,0,0,0,1,0,0,0,0
34,0,13,4,4,1,3,3,3,8628,1,0,18,3,3,1,9,2,2,8,7,1,1,0,1,0,1,0,0,1,0,0,0,0,0,0,0,0,1,0,0,0
28,1,17,3,3,1,2,1,4,2367,5,0,12,3,1,1,6,2,2,4,1,0,3,0,1,1,0,0,0,0,0,1,0,1,0,0,0,0,0,0,0,0
38,0,1,3,1,1,2,1,1,2858,4,0,14,3,1,0,20,3,2,1,0,0,0,0,1,0,1,1,0,0,0,0,0,0,0,0,0,0,0,1,0,1
35,0,7,4,3,0,3,2,4,5204,1,1,11,3,4,0,10,2,3,10,8,0,9,0,1,0,1,1,0,0,0,0,0,0,0,0,0,0,1,0,1,0
31,1,26,4,1,1,3,2,4,5617,1,1,11,3,3,0,10,4,3,10,7,0,8,1,0,0,1,0,1,0,0,0,0,0,0,0,0,0,1,0,1,0
53,1,24,4,1,1,3,3,1,10448,6,1,13,3,2,0,15,2,2,2,2,2,2,0,1,0,1,1,0,0,0,0,0,0,0,0,0,0,1,0,0,1
43,0,11,3,1,1,3,3,3,7510,1,0,17,3,2,1,10,1,3,10,9,0,9,0,1,1,0,1,0,0,0,0,0,0,0,0,0,0,0,0,1,0
38,0,1,4,4,1,3,1,2,2991,0,1,11,3,2,1,7,2,3,6,2,1,2,1,0,0,0,0,0,0,1,0,1,0,0,0,0,0,0,0,1,0
54,0,10,3,3,0,3,2,1,4440,6,1,19,3,4,0,9,3,3,5,2,1,4,0,1,1,0,0,0,1,0,0,0,0,0,1,0,0,0,0,0,1
24,0,1,2,2,1,2,2,3,4617,1,0,12,3,2,0,4,2,2,4,3,1,2,0,1,1,0,1,0,0,0,0,0,0,0,0,0,0,0,0,0,1
40,0,2,2,2,0,3,2,2,5677,3,0,14,3,3,1,15,4,3,11,8,5,10,0,1,0,1,0,1,0,0,0,0,0,0,0,0,0,1,0,1,0
25,0,2,3,3,0,3,1,2,2187,4,0,14,3,3,0,6,3,3,2,0,1,2,0,1,0,0,0,0,0,0,0,1,0,0,0,0,0,0,0,1,0
25,0,2,1,4,1,3,1,3,3977,6,1,19,3,3,1,7,2,2,2,2,0,2,0,1,1,0,0,0,0,1,0,0,1,0,0,0,0,0,0,0,0
38,0,1,4,4,1,3,2,2,4440,0,0,15,3,1,2,16,3,3,15,13,5,8,0,1,0,1,1,0,0,0,0,0,0,0,0,0,0,1,0,1,0
31,0,2,2,1,1,3,1,3,3067,0,0,19,3,3,1,3,1,3,2,2,1,2,0,1,0,1,1,0,0,0,0,0,0,0,0,0,0,0,1,1,0
38,0,6,4,1,1,2,2,3,5321,2,0,11,3,4,1,10,1,3,8,3,7,7,1,0,1,0,1,0,0,0,0,0,0,0,1,0,0,0,0,1,0
42,0,18,4,4,1,3,2,1,5410,6,1,17,3,3,1,9,3,2,4,3,1,2,0,1,1,0,1,0,0,0,0,0,0,0,0,0,1,0,0,0,0
47,0,1,1,3,0,3,3,2,11957,0,0,18,3,1,2,14,3,1,13,8,5,12,0,0,1,0,0,0,1,0,0,0,0,0,0,1,0,0,0,1,0
35,0,11,4,4,1,3,1,3,2660,7,1,11,3,3,1,5,3,3,2,2,2,2,0,1,1,0,0,0,1,0,0,0,1,0,0,0,0,0,0,1,0
22,0,1,2,4,1,3,1,3,3375,0,0,12,3,4,0,4,2,4,3,2,1,2,0,1,1,0,1,0,0,0,0,0,0,0,0,0,1,0,0,0,1
32,0,29,4,3,0,2,1,2,2837,1,0,13,3,3,0,6,3,3,6,2,4,1,0,1,1,0,1,0,0,0,0,0,1,0,0,0,0,0,0,0,1
40,0,1,4,1,1,3,1,4,2406,8,0,19,3,3,2,8,3,2,1,0,0,0,0,1,1,0,1,0,0,0,0,0,1,0,0,0,0,0,0,1,0
32,0,1,4,2,1,2,1,2,2269,0,0,14,3,2,1,3,2,3,2,2,2,2,0,1,0,1,0,0,1,0,0,0,0,0,0,0,0,0,1,1,0
39,0,24,1,1,1,3,2,4,4108,7,0,13,3,1,0,18,2,3,7,7,1,7,0,1,1,0,1,0,0,0,0,0,0,0,0,0,1,0,0,0,1
32,0,1,4,3,0,3,3,4,10422,1,0,19,3,3,2,14,3,3,14,10,5,7,0,1,0,1,0,1,0,0,0,0,0,0,0,0,0,1,0,1,0
52,0,29,4,1,1,3,1,4,3482,2,0,15,3,2,2,16,3,2,9,8,0,0,0,0,0,1,1,0,0,0,0,0,0,0,0,0,0,0,1,0,0
44,0,1,3,2,1,3,1,4,2436,6,1,12,3,3,0,6,2,3,4,3,1,2,0,1,1,0,0,0,1,0,0,0,0,0,0,0,1,0,0,0,1
23,1,9,3,4,1,3,1,1,1790,1,0,19,3,1,1,1,3,2,1,0,1,0,1,0,0,1,0,1,0,0,0,0,0,0,0,0,0,0,1,1,0
36,0,3,3,1,0,2,3,4,7644,0,0,19,3,3,2,10,2,3,9,7,3,4,0,1,0,1,0,0,1,0,0,0,0,0,0,0,0,1,0,1,0
32,0,2,3,4,1,3,1,1,2439,1,0,14,3,4,0,4,4,3,4,2,1,2,0,1,1,0,0,0,0,0,1,0,0,0,0,0,1,0,0,0,1
35,0,26,4,3,0,3,3,4,8837,1,1,16,3,3,0,9,2,3,9,0,1,7,0,1,0,0,1,0,0,0,0,1,0,0,0,0,0,0,0,0,1
38,0,10,2,1,0,3,2,4,5343,1,0,11,3,3,1,10,1,3,10,7,1,9,0,1,0,1,1,0,0,0,0,0,0,0,0,0,0,1,0,1,0
50,1,1,4,2,1,3,2,3,6728,7,0,12,3,4,2,12,3,3,6,3,0,1,1,0,0,1,1,0,0,0,0,0,0,0,0,0,0,1,0,0,0
36,0,11,4,2,0,2,2,4,6652,4,0,13,3,1,1,8,2,2,6,3,0,0,0,1,0,1,0,1,0,0,0,0,0,0,0,0,0,1,0,1,0
45,0,20,3,4,0,3,2,3,4850,8,0,15,3,3,0,8,3,3,5,3,0,1,0,1,0,1,1,0,0,0,0,0,0,0,0,0,0,1,0,0,1
40,0,2,4,3,1,2,1,3,2809,2,0,14,3,4,0,8,2,3,2,2,2,2,0,1,1,0,1,0,0,0,0,0,0,0,0,0,1,0,0,0,1
35,0,18,4,3,1,3,2,3,5689,1,1,14,3,4,2,10,2,4,10,2,0,2,1,0,1,0,1,0,0,0,0,0,0,0,0,0,0,0,0,1,0
29,0,13,2,4,1,2,2,2,4025,4,1,13,3,1,1,10,2,3,4,3,0,3,0,1,1,0,0,0,0,1,0,0,1,0,0,0,0,0,0,1,0
29,0,28,4,4,0,2,1,1,3785,1,0,14,3,2,0,5,3,1,5,4,0,4,0,1,1,0,0,0,1,0,0,0,0,0,0,0,1,0,0,0,1
50,1,28,3,4,1,2,3,1,10854,4,1,13,3,2,1,20,3,3,3,2,2,0,0,1,0,1,0,1,0,0,0,0,0,0,0,0,0,1,0,0,0
31,0,5,3,2,1,3,2,1,9936,0,0,19,3,2,0,10,2,3,9,4,1,7,0,0,1,0,0,0,1,0,0,0,0,0,1,0,0,0,0,0,1
26,0,5,3,4,0,2,1,3,2966,0,0,18,3,4,0,5,2,3,4,2,0,0,0,1,0,1,0,0,0,1,0,0,0,0,0,0,0,0,1,0,1
36,0,23,2,3,1,4,2,4,2571,4,0,17,3,3,1,17,3,3,5,2,0,3,1,0,1,0,0,0,1,0,0,0,1,0,0,0,0,0,0,1,0
49,0,2,3,4,1,2,2,2,5390,2,0,14,3,4,0,17,3,2,9,6,0,8,1,0,0,1,0,0,1,0,0,0,0,0,0,0,0,1,0,1,0
34,0,8,3,2,1,4,2,3,4404,2,0,12,3,1,0,6,3,4,4,3,1,2,0,1,1,0,0,0,1,0,0,0,1,0,0,0,0,0,0,1,0
