OverTime,StockOptionLevel,TotalWorkingYears,YearsAtCompany,YearsInCurrentRole,Age,JobLevel,YearsWithCurrManager,MonthlyIncome,MaritalStatus,JobInvolvement,EnvironmentSatisfaction,DistanceFromHome,JobSatisfaction,JobRole,Department,BusinessTravel,EducationField,Attrition
1,0,7,0,0,37,1,0,2090,2,2,4,2,3,2,1,2,4,1
1,0,8,8,7,33,1,0,2909,1,3,4,3,3,6,1,1,1,0
0,0,8,7,7,32,1,6,3068,2,3,4,2,4,2,1,1,1,0
0,2,17,7,7,36,2,7,5237,1,3,3,27,3,0,1,2,3,0
1,0,10,9,5,29,2,8,4193,2,2,4,15,3,2,1,2,1,0
0,1,5,5,2,31,1,3,2911,0,3,1,26,3,6,1,2,1,0
0,1,3,2,2,34,1,2,2661,0,3,2,19,4,2,1,2,3,0
1,0,6,4,2,28,1,3,2028,2,2,3,24,3,2,1,2,1,1
1,2,1,1,0,22,1,0,2935,0,4,4,16,4,2,1,0,3,0
1,0,6,3,2,38,1,2,3944,2,3,4,2,4,6,1,2,1,0
0,0,13,12,6,34,3,11,11994,2,3,1,7,2,5,1,2,1,0
0,0,8,4,2,34,1,3,2960,2,3,2,6,1,6,1,2,3,1
0,1,10,9,7,42,2,2,6825,1,3,3,8,2,7,2,2,2,0
0,0,7,1,1,33,1,0,2496,2,3,3,2,4,2,1,2,3,0
1,1,6,2,0,24,1,0,2293,1,3,2,1,4,6,1,2,3,1
0,2,6,5,3,43,1,4,2645,0,4,4,2,3,6,1,2,3,0
1,0,3,3,2,50,1,2,2683,1,2,1,3,3,8,2,2,2,1
0,0,2,2,2,35,1,2,2014,1,3,4,2,4,8,2,2,2,0
0,2,10,5,3,33,2,3,5376,1,4,3,1,1,7,2,1,1,0
0,1,1,1,0,35,1,0,1951,0,3,3,4,4,2,1,2,4,0
0,0,1,1,0,26,1,1,2293,2,1,1,25,3,2,1,2,1,1
0,0,1,1,0,35,1,1,2269,1,4,4,8,4,2,1,2,1,0
1,0,2,2,2,28,1,2,3441,2,3,3,5,3,2,1,2,5,1
1,1,10,4,0,35,3,3,9884,1,2,3,11,1,0,1,0,3,0
1,1,5,2,2,26,2,0,4157,1,2,3,23,4,7,2,2,2,0
1,1,4,2,2,35,1,2,4014,1,3,3,23,1,2,1,2,3,0
0,1,7,7,5,37,2,7,5993,0,2,1,1,3,4,1,2,1,0
0,0,6,6,5,36,2,3,6499,2,2,2,11,2,4,1,1,1,0
0,1,25,1,0,45,3,0,9724,0,3,2,7,1,6,1,2,1,0
0,1,5,3,2,35,1,2,2194,1,3,2,1,1,6,1,1,3,0
0,0,20,4,3,59,2,3,5473,2,2,1,1,3,7,2,1,1,0
0,0,1,1,1,31,1,0,2501,2,3,3,1,2,6,1,2,3,0
0,2,10,10,4,32,2,9,6220,1,3,2,1,2,6,1,2,1,0
0,0,5,1,0,36,1,0,3038,1,4,2,6,4,2,1,2,1,0
0,0,16,15,13,35,2,8,4312,2,2,3,1,1,7,2,2,2,0
1,0,17,0,0,45,3,0,13245,1,3,4,6,1,5,1,2,4,0
0,0,16,5,2,37,3,2,13664,2,3,1,7,3,5,1,2,3,0
1,2,10,10,8,30,2,0,5126,1,2,4,1,4,2,1,2,1,0
0,0,6,6,4,35,1,4,2859,2,2,2,1,3,6,1,2,3,0
0,1,24,1,0,55,3,0,10239,1,3,1,1,4,7,2,2,1,0
0,0,5,5,2,34,2,3,4325,1,3,1,1,2,4,1,2,3,0
0,1,3,0,0,23,1,0,2322,0,3,3,2,1,8,2,2,5,0
0,0,9,9,8,46,3,7,9619,2,2,3,9,4,7,2,2,3,1
0,0,5,5,4,28,2,4,4221,1,3,2,4,3,7,2,0,3,0
0,1,17,3,2,44,2,2,2042,1,3,2,23,2,2,1,0,3,0
0,0,1,1,0,32,1,0,2956,2,3,4,1,1,6,1,2,1,0
0,0,16,16,13,34,2,10,4809,2,3,1,6,3,6,1,2,4,0
0,1,17,1,0,37,2,0,5163,0,2,3,2,4,0,1,0,1,0
1,0,6,6,4,25,2,3,5744,2,2,3,5,3,7,2,2,2,1
0,2,2,2,2,25,1,1,2889,1,2,4,7,4,6,1,2,3,0
0,1,6,5,3,24,1,2,2774,1,3,2,18,3,2,1,2,1,0
0,1,12,1,0,34,2,0,4505,0,2,3,6,2,6,1,2,1,0
0,0,12,5,3,37,3,3,7428,2,3,3,3,4,7,2,2,1,0
0,1,8,7,7,33,2,7,6146,1,3,3,22,2,7,2,0,2,0
1,0,12,7,7,31,2,7,6172,1,1,2,6,3,7,2,2,1,1
0,0,5,5,4,26,1,3,2368,1,2,3,6,2,6,1,2,4,0
1,0,0,0,0,19,1,0,1675,2,3,4,22,3,8,2,2,2,1
0,1,3,2,1,22,1,1,2523,1,3,3,2,4,2,1,2,5,0
0,0,16,15,11,49,2,11,6567,1,3,3,20,1,4,1,2,3,0
0,0,18,3,2,43,1,2,4739,2,4,2,28,3,6,1,1,3,0
0,0,16,2,2,50,3,1,9208,2,3,3,12,4,7,2,1,2,0
1,1,4,2,2,31,2,2,4559,1,1,2,20,3,7,2,2,1,1
1,1,12,9,7,41,3,7,8189,0,3,3,9,3,7,2,2,1,0
0,0,18,4,2,51,3,3,10650,2,1,1,8,4,4,1,1,1,1
0,1,17,15,11,39,2,9,5902,1,2,4,4,3,7,2,2,1,0
0,0,6,2,2,25,2,2,8639,1,2,1,28,3,7,2,2,1,0
1,0,12,11,9,30,2,7,6347,1,3,3,9,4,1,0,2,0,0
0,0,9,6,5,45,1,3,3452,2,3,3,29,4,6,1,2,3,0
0,0,5,5,4,30,1,4,2632,2,3,1,18,3,6,1,2,1,0
0,1,8,3,2,30,1,2,3204,0,3,4,5,1,6,1,2,5,0
0,0,6,5,3,30,1,2,2720,2,2,2,2,4,2,1,2,3,0
0,0,1,1,0,19,1,0,1483,2,3,2,3,2,2,1,2,3,0
0,2,10,10,8,35,3,6,7295,1,3,3,1,2,7,2,2,2,0
0,0,9,9,8,32,3,7,8998,2,3,2,8,4,7,2,1,2,0
0,1,10,10,7,29,2,9,4319,1,3,4,1,3,4,1,0,5,0
0,0,10,1,0,51,2,0,6132,1,2,2,7,3,4,1,2,3,0
0,1,15,12,11,40,3,11,10855,1,2,3,4,4,7,2,2,2,0
0,1,6,4,3,34,1,2,2231,1,3,3,2,3,8,2,1,2,0
0,1,6,2,2,27,1,2,2024,0,3,4,9,2,6,1,0,3,0
0,1,5,5,2,28,1,2,2713,1,3,3,21,4,6,1,2,3,0
1,1,12,5,3,57,3,4,9439,0,4,3,24,4,0,1,2,1,0
1,1,1,1,1,27,1,1,2566,0,2,3,3,3,6,1,0,3,0
0,1,13,9,8,41,1,8,2451,0,3,1,14,3,6,1,2,1,0
0,1,12,10,9,30,3,4,9419,1,3,2,5,4,7,2,2,1,0
1,1,6,5,2,27,1,1,3058,1,3,3,17,2,6,1,2,5,0
0,0,13,8,7,36,1,2,2088,2,3,4,3,2,2,1,1,3,0
0,2,12,12,9,30,2,10,3072,0,3,3,9,1,2,1,0,3,0
1,1,9,5,4,45,2,3,5006,0,3,3,4,1,7,2,2,1,0
1,1,19,2,2,56,1,2,4257,0,3,3,8,1,6,1,2,1,0
0,0,4,3,1,33,1,2,2500,2,3,3,2,4,6,1,2,1,0
0,0,2,2,2,38,1,1,2288,2,3,3,9,4,2,1,2,1,0
0,0,9,3,2,34,1,2,2311,2,3,4,27,2,6,1,2,3,0
0,1,5,3,2,50,1,2,3690,1,2,3,1,3,2,1,2,3,0
0,2,5,4,2,53,2,3,4450,0,4,4,13,1,4,1,2,3,0
0,0,10,10,9,34,2,9,9547,1,2,4,2,3,4,1,1,1,0
0,0,7,7,7,27,1,3,2279,2,3,4,9,2,6,1,2,3,0
1,0,8,1,0,35,2,1,5916,1,2,2,23,3,4,1,2,1,1
1,1,8,8,7,37,1,7,3564,1,4,2,21,1,6,1,2,1,0
0,1,9,7,7,38,2,7,6261,1,3,4,29,4,4,1,2,5,0
0,1,6,2,2,27,2,0,4298,1,2,3,1,1,4,1,1,5,0
1,1,5,5,3,34,1,0,3815,0,3,4,10,3,6,1,1,3,0
1,1,15,7,2,40,2,7,2741,1,3,3,19,4,2,1,2,3,0
1,0,17,1,0,38,2,0,6673,1,3,2,29,1,0,1,2,3,1
1,1,4,4,2,22,1,2,2328,0,4,4,5,2,6,1,2,1,0
0,0,8,8,1,36,1,7,2153,2,3,2,18,4,2,1,1,3,0
0,1,17,4,2,46,3,3,9396,0,3,4,1,1,0,1,2,3,0
0,0,7,7,7,27,2,7,9981,2,3,4,20,3,7,2,1,1,0
1,0,16,1,0,41,3,0,13591,2,3,4,6,4,3,2,2,1,0
0,0,7,6,2,29,1,5,2058,2,3,3,1,3,6,1,2,5,1
0,1,16,6,2,54,2,5,5940,1,3,4,3,1,7,2,2,2,0
0,0,16,13,11,36,2,7,5914,2,3,4,5,2,2,1,2,1,0
0,1,6,5,4,31,2,4,4345,1,1,3,1,3,4,1,0,3,0
0,1,13,9,8,37,1,8,2793,0,3,1,4,4,8,2,1,2,0
0,0,10,10,7,35,3,8,8789,2,3,3,1,3,7,2,1,2,0
1,0,4,4,3,29,1,1,2389,2,2,3,18,4,6,1,2,3,1
0,0,6,2,2,52,1,2,3212,2,2,3,2,4,2,1,2,1,0
0,0,7,2,2,59,1,2,2267,1,3,2,6,3,1,0,2,3,0
1,1,8,5,4,33,1,4,2436,1,3,3,14,4,2,1,2,3,1
1,0,4,3,2,32,1,2,3730,2,2,4,1,3,2,1,2,1,1
0,0,4,3,2,32,2,2,4465,1,3,3,26,4,7,2,0,2,0
0,2,17,1,0,41,2,0,3072,0,3,3,19,1,6,1,2,1,0
0,2,9,9,8,40,2,7,3319,0,3,1,24,4,6,1,2,5,0
0,1,2,2,2,33,1,2,2911,1,2,3,5,4,6,1,2,1,0
0,1,13,11,9,34,2,9,5957,1,2,4,2,1,4,1,2,1,0
0,1,17,3,1,37,1,2,3920,1,2,3,1,1,6,1,2,3,0
0,1,9,3,2,45,2,2,6434,1,4,1,7,3,4,1,1,1,0
0,0,6,6,5,29,1,5,2340,2,3,3,15,4,6,1,2,1,0
1,0,10,3,2,42,2,2,6545,2,4,4,17,1,6,1,2,1,0
0,1,10,3,2,29,2,2,6931,0,3,4,20,4,7,2,2,2,0
0,2,5,4,2,25,2,2,4898,1,3,1,1,3,4,1,2,1,0
1,1,10,9,6,42,1,8,2593,0,2,4,2,1,2,1,2,3,0
0,0,6,5,4,31,1,4,3479,2,2,3,29,2,2,1,1,3,1
0,2,10,0,0,29,2,0,6644,1,2,1,2,2,7,2,2,3,0
0,2,6,6,3,25,2,5,4000,0,4,2,5,1,0,1,0,1,0
0,0,3,3,2,21,1,0,3230,2,2,4,3,3,6,1,2,3,0
1,2,15,5,2,37,3,2,13603,0,3,1,1,4,5,1,0,3,0
0,0,10,10,7,29,2,9,4554,2,3,2,2,4,7,2,1,1,0
1,1,12,10,7,55,2,8,5415,1,3,2,20,4,2,1,2,5,0
1,1,5,5,3,26,2,3,4741,1,3,1,11,1,0,1,1,3,0
0,0,17,17,12,37,1,7,2115,2,3,4,1,4,6,1,2,1,0
1,1,5,3,2,26,1,2,2373,0,3,1,16,2,2,1,2,3,1
0,0,10,8,0,36,2,7,4485,2,3,3,3,2,6,1,2,5,0
0,0,0,0,0,18,1,0,1420,2,3,3,3,3,2,1,2,1,1
0,2,12,11,9,35,3,9,8020,1,3,3,16,2,7,2,2,2,0
0,2,4,1,0,36,1,0,3688,1,4,3,18,4,2,1,1,1,0
0,1,13,4,1,51,2,2,5482,0,1,4,2,2,4,1,2,3,0
0,0,0,0,0,18,1,0,1200,2,2,4,10,3,8,2,2,3,0
0,0,9,8,3,28,2,7,5661,2,4,2,16,1,0,1,2,3,0
0,1,10,8,7,31,2,7,6929,1,4,2,7,4,7,2,2,5,0
0,1,11,9,8,36,2,8,5674,1,3,2,24,2,2,1,0,1,0
0,1,13,13,8,32,2,8,5484,1,2,4,7,3,7,2,2,1,0
0,1,19,10,8,38,3,1,12061,1,2,1,25,2,5,1,2,1,0
1,1,12,5,3,58,2,2,5660,0,1,4,1,3,0,1,0,1,0
1,1,6,5,2,31,1,3,4821,1,3,3,5,4,6,1,2,5,0
0,0,9,2,2,31,2,0,6410,1,2,1,2,1,1,0,2,0,0
1,1,3,2,2,31,1,2,2695,0,3,3,2,4,6,1,2,1,0
1,0,25,7,1,49,4,7,13964,2,2,3,1,3,0,1,2,5,0
0,0,11,8,2,52,2,7,4941,1,2,3,8,2,6,1,2,3,1
1,0,4,4,3,27,1,2,2478,2,3,3,5,2,6,1,2,1,0
1,0,5,5,4,27,2,4,4478,2,3,4,2,3,7,2,2,1,0
1,0,5,3,2,28,1,2,3464,1,1,1,2,4,6,1,2,3,1
0,2,11,10,8,30,2,9,5775,1,3,4,28,4,6,1,2,3,0
1,0,12,1,0,39,2,0,5238,1,3,4,3,3,7,2,2,3,1
0,1,9,9,7,43,2,0,5257,0,2,3,10,3,2,1,1,1,0
0,0,20,4,3,54,2,3,4869,2,3,4,20,3,6,1,1,1,0
0,1,10,1,0,43,3,0,9985,1,3,3,7,1,0,1,2,1,0
1,0,7,7,7,29,1,7,2119,1,1,2,8,1,2,1,2,4,1
0,0,4,3,2,29,1,2,3983,2,2,2,9,4,2,1,2,4,0
0,1,8,8,7,27,2,7,6214,1,3,2,8,2,7,2,2,2,0
0,2,8,6,2,37,2,4,6347,0,3,4,5,4,4,1,2,3,0
1,1,12,11,10,38,3,9,11510,0,2,3,15,4,5,1,2,1,0
1,0,11,11,9,31,3,10,7143,2,3,3,7,4,4,1,2,3,0
1,2,7,7,7,29,2,7,8268,0,2,4,10,2,7,2,2,2,0
0,2,4,4,2,23,1,2,2904,0,3,3,26,4,6,1,2,1,0
1,0,8,5,4,41,2,2,6032,2,2,4,6,2,4,1,2,3,0
0,0,5,0,0,47,2,0,2976,2,3,2,4,3,8,2,1,3,0
0,0,16,1,0,42,4,0,15992,2,3,1,23,4,5,1,2,1,0
0,1,4,4,3,29,2,2,4649,1,3,4,2,3,7,2,0,1,0
0,1,8,8,0,32,1,7,2370,1,3,3,2,2,2,1,2,3,0
1,2,13,7,7,37,2,7,5974,0,4,3,6,1,6,1,2,3,0
1,1,4,2,2,30,2,2,4736,1,3,4,25,3,7,2,0,5,0
0,1,8,8,7,26,2,7,5296,1,3,3,1,3,7,2,2,1,0
1,0,3,3,2,21,1,2,2174,2,2,1,1,2,8,2,1,5,1
0,1,16,13,9,36,3,12,9699,1,2,1,3,4,7,2,1,3,0
0,0,15,3,2,57,2,2,6755,1,3,4,1,3,0,1,2,3,0
1,1,10,7,7,40,1,7,2213,1,4,4,10,3,2,1,2,1,0
1,0,1,1,0,33,1,0,2851,2,3,4,5,3,8,2,2,2,1
0,0,7,1,0,46,2,0,5258,1,3,3,7,3,4,1,0,3,0
0,0,20,4,3,50,3,3,10496,2,2,4,10,4,0,1,2,5,0
0,1,5,5,2,27,1,4,3816,0,3,4,1,2,2,1,2,3,0
0,0,7,7,5,28,2,7,5253,2,3,2,9,4,7,2,2,1,0
0,1,18,7,7,51,2,7,4936,1,3,3,14,4,7,2,2,1,0
0,1,6,2,2,36,1,2,2543,1,3,4,2,3,6,1,2,1,0
1,0,9,5,2,34,2,4,5304,2,4,1,19,4,7,2,0,2,1
1,1,5,5,2,24,2,3,4260,0,3,4,10,3,7,2,2,2,0
0,1,1,1,0,30,1,0,2476,1,3,3,2,2,8,2,2,5,0
0,1,2,2,1,22,1,2,2244,1,3,1,11,2,6,1,2,3,0
1,0,18,1,0,37,2,1,4197,2,3,3,10,2,4,1,2,1,0
1,0,8,5,2,43,2,2,4522,0,3,3,8,3,0,1,2,4,0
1,0,5,5,4,25,2,3,4487,2,2,2,4,4,7,2,2,1,0
0,1,4,4,2,31,1,2,2218,1,2,4,1,1,2,1,2,1,0
0,1,10,10,7,41,3,7,8392,1,4,2,1,1,7,2,2,2,0
0,1,10,10,0,28,2,8,4558,0,3,3,17,1,2,1,2,3,0
1,0,28,5,4,52,3,4,7969,1,2,4,3,3,4,1,2,3,0
0,1,19,5,4,42,2,2,4556,0,3,1,29,3,6,1,1,1,0
1,0,6,5,3,24,1,4,3202,2,3,1,1,2,8,2,2,5,1
0,1,3,2,2,34,1,0,2351,0,1,4,6,3,8,2,1,2,1
0,1,9,5,3,30,1,4,2097,1,3,3,3,4,2,1,0,1,0
0,0,10,10,2,29,3,7,11935,1,2,2,3,3,5,1,2,3,0
0,0,6,2,2,29,1,1,2546,1,2,3,25,2,6,1,2,5,1
0,0,1,1,0,19,1,0,2564,2,2,1,2,4,1,0,2,5,1
0,0,10,9,8,30,3,8,8412,1,3,3,22,1,7,2,0,4,0
0,0,12,11,7,30,1,7,2564,2,3,3,2,4,2,1,0,3,0
0,0,6,5,4,35,1,3,4230,2,1,4,22,3,2,1,2,1,0
0,0,19,1,0,54,2,0,3780,2,3,3,8,3,2,1,2,1,0
0,1,14,7,3,34,1,7,2768,0,2,4,2,3,6,1,2,1,0
1,1,15,3,2,46,3,2,9071,1,2,3,10,4,7,2,2,2,0
1,0,15,7,6,33,3,7,13610,1,3,2,15,3,3,1,2,3,1
0,0,4,3,2,30,1,2,2983,2,3,4,7,2,8,2,2,2,0
1,0,10,8,7,35,3,0,7632,1,3,4,16,3,0,1,2,1,0
0,0,12,1,0,31,3,0,9824,1,3,1,20,3,0,1,1,1,1
0,1,8,2,2,42,1,0,2093,1,3,2,5,3,2,1,1,4,0
0,0,4,2,2,22,1,2,3894,2,2,3,4,3,2,1,1,5,1
0,1,14,9,7,48,2,7,4051,1,3,2,2,4,7,2,2,2,0
0,0,16,14,3,41,2,10,6230,2,3,4,10,4,7,2,0,1,0
0,1,8,8,3,39,1,7,3755,1,3,3,8,3,2,1,1,1,0
1,0,10,6,5,31,2,5,6582,2,3,2,2,4,7,2,2,1,0
0,1,9,8,7,45,2,7,4805,1,3,4,2,2,7,2,2,4,0
1,1,8,7,7,26,1,0,2741,0,3,2,17,3,1,0,1,1,1
0,2,8,3,2,29,2,2,4262,0,3,4,19,4,4,1,2,5,0
0,1,10,6,1,33,4,5,16184,0,4,1,1,3,5,1,2,3,0
1,0,0,0,0,18,1,0,1878,2,3,2,5,2,8,2,1,2,1
0,1,20,1,0,40,3,1,10932,0,1,3,28,1,7,2,0,4,0
1,0,10,8,7,41,2,7,6811,2,2,1,2,3,0,1,0,4,0
0,0,5,5,4,35,2,3,4859,2,3,1,1,3,7,2,2,3,0
0,0,10,10,7,34,2,7,5337,2,4,4,21,4,7,2,2,1,0
1,0,1,1,0,26,1,0,2340,2,1,3,24,4,2,1,2,5,1
0,0,12,6,5,37,3,2,7491,2,3,2,1,4,4,1,2,5,0
0,0,28,2,2,46,3,2,10527,1,3,1,18,3,0,1,1,3,0
1,2,18,10,9,52,2,9,5577,0,3,4,6,1,6,1,2,5,0
0,0,6,4,2,32,2,2,4707,1,4,4,11,3,7,2,0,4,1
0,2,3,2,2,24,1,1,2400,1,3,4,24,4,8,2,1,3,0
0,1,18,1,0,38,2,0,9824,1,3,3,10,3,0,1,2,3,0
0,1,8,6,5,37,2,3,6447,1,3,2,1,2,4,1,2,1,0
1,2,6,6,5,24,1,4,2725,1,4,2,23,4,6,1,2,3,0
0,0,7,7,4,25,1,6,2096,1,3,2,13,3,8,2,2,3,0
1,1,6,6,3,24,1,2,2886,1,3,1,7,3,2,1,1,1,1
0,1,1,1,0,30,1,0,2033,1,2,2,12,1,8,2,1,1,1
1,1,6,6,5,34,1,3,3622,1,2,2,1,4,6,1,2,1,0
0,0,9,3,1,31,2,2,4233,0,3,2,13,1,7,2,2,3,1
0,0,9,3,2,35,2,2,3681,2,2,1,25,4,2,1,2,4,0
1,1,17,3,0,37,2,0,9602,1,3,4,2,3,7,2,2,2,0
0,2,10,10,2,42,2,2,4089,1,3,3,2,4,0,1,2,1,0
0,0,8,0,0,38,1,0,2619,2,3,3,1,1,6,1,2,1,0
1,1,10,8,7,43,2,7,5679,0,3,4,9,3,2,1,1,3,0
0,1,21,3,2,48,4,2,15402,1,2,4,1,1,3,1,2,1,0
0,0,10,2,2,44,2,2,5985,2,2,1,1,3,1,0,2,1,0
1,2,8,8,2,34,1,6,2579,0,3,3,14,3,8,2,2,5,0
0,1,5,4,3,27,1,2,3041,0,3,3,2,1,8,2,2,2,1
0,0,3,3,2,21,1,2,3447,2,3,3,22,3,8,2,2,5,0
0,0,6,5,0,33,2,2,7104,0,3,3,8,3,7,2,2,2,0
1,1,6,6,4,32,2,5,6322,1,3,1,9,4,6,1,2,1,0
0,2,5,1,1,45,2,0,4286,1,3,1,26,1,7,2,1,1,1
1,1,3,3,2,26,1,2,2659,1,3,3,6,4,2,1,2,1,0
0,1,10,10,7,37,3,8,9434,1,3,3,3,3,4,1,2,4,0
0,1,16,9,7,54,3,1,10725,1,3,3,19,2,1,0,2,3,0
1,1,13,3,2,36,2,2,8847,0,2,2,9,2,4,1,2,3,0
0,2,1,1,0,35,1,0,1281,1,2,3,3,3,2,1,0,1,0
0,1,5,3,2,23,1,2,2819,1,4,1,4,1,6,1,2,3,0
0,0,12,2,2,48,2,2,8120,1,4,2,2,2,7,2,2,2,0
0,0,4,1,0,37,1,0,4680,2,4,4,10,4,6,1,2,1,0
0,0,9,8,7,34,3,7,8621,2,2,4,9,2,0,1,2,3,0
0,0,10,10,7,32,2,8,5396,2,3,4,10,4,7,2,2,2,0
1,1,18,4,3,50,2,3,6796,1,3,2,8,3,7,2,1,5,1
0,0,10,9,7,38,2,8,7625,2,4,2,1,4,0,1,2,1,0
0,0,9,9,7,27,3,7,7412,1,3,3,1,1,4,1,2,1,0
0,0,20,7,7,47,2,7,4960,2,3,4,14,1,7,2,2,2,0
0,0,10,2,2,60,2,2,5405,2,3,1,16,1,7,2,2,2,0
0,1,4,2,2,50,1,2,3875,1,3,4,8,2,8,2,2,2,0
1,0,10,7,7,28,1,7,2216,2,1,1,1,2,6,1,2,1,1
1,0,10,1,0,38,3,0,7861,2,3,3,1,3,4,1,2,1,0
1,0,7,2,2,42,1,2,2759,0,4,3,19,3,6,1,1,3,1
0,0,10,5,1,34,2,3,6142,2,3,2,8,3,0,1,2,3,0
0,1,5,4,3,23,1,2,2500,1,3,2,9,1,2,1,2,3,0
0,0,9,7,6,27,2,7,6811,2,2,4,7,1,0,1,2,3,0
0,2,2,2,2,29,1,2,2297,0,3,4,10,2,8,2,2,2,0
0,0,19,2,2,53,2,2,2450,2,3,4,6,4,2,1,2,1,0
0,1,16,1,0,35,2,0,5093,0,3,4,2,1,0,1,0,1,0
0,2,10,10,8,32,2,7,5309,1,3,1,24,4,2,1,1,1,0
0,1,7,0,0,34,2,0,5121,0,3,2,8,1,4,1,2,1,0
1,0,10,10,9,33,1,8,2686,2,3,4,1,4,6,1,2,4,1
0,0,9,8,7,45,2,1,6632,2,1,2,2,3,8,2,2,5,0
0,0,2,2,2,23,1,2,3505,2,4,1,10,3,6,1,2,3,0
1,0,8,5,4,47,2,3,6397,2,4,2,27,3,7,2,1,1,1
0,0,10,10,7,36,3,9,7587,2,2,1,8,1,7,2,0,1,0
0,1,5,4,3,52,1,2,4258,1,3,4,19,4,6,1,0,3,0
0,1,5,2,2,26,1,0,4364,0,1,1,1,4,2,1,1,1,0
0,1,11,8,7,29,2,1,4335,1,3,2,27,3,0,1,2,3,0
0,0,6,4,3,26,2,2,5326,2,2,4,8,1,7,2,2,5,1
0,0,10,4,2,34,1,3,3280,2,4,2,1,4,6,1,2,1,0
0,1,5,4,2,27,2,1,4342,1,3,3,8,4,7,2,1,2,0
1,2,6,5,3,37,1,3,2782,0,3,4,10,1,6,1,2,1,0
1,0,17,15,7,38,2,12,5980,2,4,1,2,1,4,1,1,1,0
0,0,6,6,5,34,1,3,4381,2,2,3,2,1,6,1,2,3,0
0,1,3,3,2,35,1,2,2572,1,3,1,8,4,8,2,2,1,0
0,1,6,3,2,34,2,2,6500,1,3,3,8,1,7,2,2,1,0
1,1,1,1,0,29,1,0,2319,1,2,2,1,1,2,1,2,1,1
0,0,14,13,9,33,3,7,11691,1,3,3,7,3,5,1,2,3,0
0,0,6,3,2,33,2,2,5324,2,3,1,16,1,7,2,2,2,1
0,1,10,9,7,36,2,5,5228,1,3,3,1,2,4,1,2,4,0
0,0,5,2,2,28,1,1,4382,2,3,3,2,3,6,1,2,3,1
0,1,8,5,2,36,1,4,2143,1,3,3,13,2,1,0,2,0,0
0,1,14,14,13,32,2,8,6162,1,2,3,4,3,4,1,2,1,0
0,0,1,1,0,45,1,0,2274,2,2,2,2,3,6,1,2,1,0
0,1,10,9,8,42,2,8,4434,1,3,2,29,2,4,1,2,1,0
0,1,13,4,3,38,2,2,6288,0,2,1,12,1,0,1,1,1,0
0,0,6,5,2,34,1,3,2553,2,2,3,16,4,6,1,1,1,0
0,2,9,9,8,49,3,7,7654,1,3,3,11,4,7,2,2,2,1
0,0,12,9,7,55,2,3,5160,2,3,3,2,4,7,2,2,3,1
1,1,9,9,8,27,3,8,12808,0,2,3,5,4,5,1,2,5,0
0,1,4,3,2,34,1,2,3737,1,3,3,3,4,1,0,2,0,0
1,1,8,8,7,26,1,7,2366,1,2,3,5,3,6,1,1,3,1
0,0,6,4,3,25,1,1,3424,2,4,1,2,1,6,1,2,3,0
0,0,6,6,5,35,1,1,2559,2,2,3,27,1,6,1,2,3,0
1,1,18,18,14,36,2,11,6201,1,3,2,1,4,7,2,2,1,0
0,1,8,5,2,32,2,3,4403,0,3,2,13,4,7,2,2,1,0
1,1,18,5,4,45,3,2,10761,0,3,4,9,1,7,2,2,2,0
0,1,9,5,3,32,2,3,5175,1,4,3,8,3,6,1,2,3,0
0,2,9,1,0,37,2,0,6334,0,2,4,16,3,7,2,2,2,0
1,0,8,2,1,42,1,2,2515,2,3,2,2,4,6,1,1,3,0
1,0,5,5,3,25,2,3,4194,1,3,3,3,1,7,2,2,4,0
1,1,10,10,2,35,1,8,2022,0,3,4,25,2,6,1,1,1,1
0,1,4,3,0,32,1,2,2314,0,3,4,1,4,2,1,0,1,0
0,0,5,5,2,25,2,3,4256,1,2,3,4,1,7,2,2,2,0
0,1,7,4,2,49,1,2,3580,1,3,3,1,1,6,1,2,5,0
0,0,6,5,2,24,1,4,3162,1,2,1,4,4,2,1,0,1,0
0,1,10,10,8,32,2,3,6524,1,3,2,5,2,7,2,1,1,0
0,1,3,2,2,38,1,2,2899,1,2,2,9,2,8,2,2,2,0
1,1,17,5,3,42,2,3,5231,1,4,3,3,4,2,1,2,1,0
1,1,8,6,4,31,1,2,2356,1,3,4,11,4,6,1,2,1,0
0,1,28,2,0,53,4,2,11836,1,3,1,8,4,7,2,2,2,0
0,0,16,13,10,35,3,8,10903,1,2,4,25,2,4,1,2,5,0
0,1,10,5,4,37,1,0,2973,1,3,3,21,4,8,2,1,3,0
0,1,12,5,2,43,2,2,5562,1,3,4,1,4,0,1,1,1,0
1,0,10,10,0,37,3,9,7642,2,3,1,19,2,7,2,0,3,0
0,2,13,5,4,39,2,4,5204,1,2,4,2,4,1,0,2,1,0
1,1,7,4,3,33,1,3,2277,0,3,4,3,2,1,0,2,0,0
0,0,4,4,2,28,2,2,4908,2,3,1,5,4,7,2,2,3,0
0,0,2,2,2,20,1,2,2044,2,2,3,2,3,8,2,2,3,1
0,0,1,1,0,21,1,0,2693,2,3,4,18,4,6,1,2,4,1
1,1,17,16,8,36,2,11,6586,1,3,3,14,4,0,1,2,1,0
1,0,3,3,2,47,1,2,3294,2,2,4,2,4,8,2,2,1,0
1,1,4,3,2,22,2,2,4171,1,3,2,3,3,4,1,2,1,1
1,1,10,7,7,41,1,0,2778,0,1,2,2,4,2,1,2,1,1
0,1,6,2,2,28,1,2,2377,0,3,3,9,3,6,1,2,3,0
0,0,1,1,1,27,1,0,2318,2,3,2,4,3,6,1,2,1,0
0,2,1,1,0,34,1,0,2008,0,3,2,10,2,2,1,2,1,0
1,0,6,3,2,33,1,2,2799,2,2,3,1,1,6,1,2,4,0
1,1,24,6,0,58,3,4,10552,0,2,3,5,2,0,1,2,5,0
0,0,13,7,7,31,1,2,2329,1,2,2,7,3,8,2,2,1,0
0,2,13,0,0,48,1,0,2259,1,3,4,20,3,6,1,2,3,0
0,1,9,9,8,31,2,0,6932,1,3,4,20,3,7,2,0,2,0
0,1,15,15,12,38,3,11,13582,1,3,4,1,1,5,1,2,5,0
0,1,11,1,0,40,3,0,9705,0,2,1,10,2,7,2,2,2,0
0,0,7,7,7,26,2,7,4294,2,2,3,1,1,7,2,1,3,0
1,0,1,1,0,19,1,0,2121,2,2,4,21,2,8,2,2,4,1
0,0,1,1,0,20,1,0,2973,2,3,1,4,1,2,1,2,5,1
1,1,3,1,1,40,1,0,3617,0,3,4,9,2,6,1,1,3,0
0,1,8,8,7,32,2,3,6725,1,3,3,3,1,4,1,2,3,0
0,0,6,5,0,33,2,4,6949,2,2,2,1,4,0,1,2,1,0
0,0,5,5,2,35,2,0,4601,1,3,3,18,3,7,2,2,3,0
0,1,10,8,4,30,3,7,7264,0,3,3,8,3,7,2,2,4,0
1,0,6,5,3,38,2,3,5666,2,3,3,10,4,7,2,0,5,0
0,1,12,10,9,35,3,8,7823,0,3,4,3,4,7,2,2,1,0
0,0,9,8,7,39,3,7,7880,2,4,1,2,3,7,2,2,1,0
1,0,22,1,0,40,4,0,13194,2,4,2,24,2,7,2,0,1,1
0,2,12,7,7,36,2,7,5079,0,3,1,8,4,7,2,0,5,0
0,0,5,3,2,33,1,2,3452,2,3,2,13,4,6,1,2,1,0
0,2,8,5,3,45,1,2,2270,0,3,4,1,4,2,1,2,3,0
1,1,6,6,5,33,2,2,5488,1,4,3,1,2,0,1,1,4,0
1,1,9,9,8,45,2,8,3633,1,3,4,23,1,2,1,0,1,0
1,0,7,5,2,30,1,1,2132,1,3,1,22,3,6,1,2,1,1
1,1,22,12,11,50,4,5,13973,1,3,4,24,3,4,1,2,1,0
0,1,13,8,7,46,3,7,10845,0,3,4,7,3,4,1,2,3,0
0,1,4,4,3,31,2,3,4148,1,3,3,1,1,4,1,1,1,0
0,0,0,0,0,18,1,0,1051,2,3,2,5,4,6,1,0,1,0
0,1,22,10,7,54,3,8,10739,1,3,3,17,3,4,1,2,5,0
1,0,1,1,0,20,1,0,2600,2,2,4,11,1,6,1,2,3,1
0,0,4,3,2,30,1,2,2422,2,3,2,5,2,2,1,1,3,1
0,0,8,8,7,26,2,3,5472,1,4,4,2,4,4,1,2,3,0
0,1,4,4,3,22,1,1,2451,1,1,2,8,1,2,1,2,1,0
0,0,27,15,11,48,3,8,10999,2,2,3,4,3,0,1,2,1,0
0,1,4,3,2,27,2,2,4227,1,3,1,2,4,4,1,2,1,0
0,0,15,1,0,37,2,0,4777,1,1,1,11,2,0,1,2,3,1
1,2,17,8,7,55,2,7,6385,1,3,3,18,2,0,1,1,3,0
1,0,19,1,0,38,2,0,6861,2,3,2,3,4,7,2,2,1,0
0,1,19,18,7,50,2,13,6347,1,3,4,1,3,7,2,0,1,0
0,0,3,2,2,33,1,2,2342,2,2,2,8,4,8,2,0,1,0
0,1,16,15,1,34,2,9,9725,0,4,2,1,4,7,2,2,2,0
1,1,14,6,4,59,3,4,11904,1,3,2,1,4,3,2,2,5,0
0,0,6,6,3,45,1,4,2177,2,3,2,24,2,1,0,2,3,0
0,1,9,1,0,36,2,0,4834,0,3,1,15,3,2,1,2,4,1
1,1,6,3,2,26,1,2,2042,1,3,1,2,1,6,1,1,1,1
1,1,1,1,1,34,1,0,2220,1,3,3,10,3,8,2,2,1,0
0,1,8,2,2,38,1,2,2821,1,3,3,3,3,6,1,1,4,0
0,0,8,4,3,37,2,1,4107,2,3,4,3,2,0,1,2,4,0
0,1,8,7,7,40,2,5,8396,1,3,3,26,1,7,2,2,2,0
0,1,13,9,4,54,3,0,10686,1,2,3,2,3,7,2,2,1,0
0,1,18,5,4,56,1,3,2942,1,3,1,9,3,6,1,1,3,0
0,0,15,14,8,36,3,8,8858,2,2,4,12,4,4,1,2,3,0
1,0,2,2,2,20,1,2,2323,2,3,4,9,4,8,2,1,2,1
0,0,10,10,7,28,3,9,8722,2,2,2,24,1,0,1,0,5,1
0,2,6,5,3,26,1,3,3955,1,2,1,1,1,2,1,2,3,0
0,1,7,6,2,30,2,2,9957,1,3,3,20,1,4,1,2,4,0
0,0,10,10,6,41,1,8,3376,1,4,2,7,3,6,1,2,5,0
0,1,23,3,2,55,3,2,10976,1,3,4,2,2,4,1,1,1,0
0,0,10,8,7,28,2,7,3660,2,3,3,10,3,6,1,2,4,0
0,1,9,3,2,33,3,2,7119,0,2,4,5,4,0,1,2,1,0
0,0,7,6,2,34,2,4,7756,2,3,1,3,4,0,1,1,1,0
1,1,7,7,7,25,1,6,3691,1,3,4,4,4,2,1,2,5,1
0,2,1,1,0,28,1,0,2596,0,2,1,1,2,2,1,1,3,1
1,0,5,0,0,50,2,0,4728,2,3,4,1,3,7,2,1,4,1
0,1,4,3,2,33,2,2,4302,1,3,4,7,2,7,2,1,1,0
0,1,15,15,10,45,2,12,5593,1,2,2,9,3,7,2,0,1,0
0,0,18,8,6,52,3,0,10445,2,3,2,7,2,0,1,2,1,0
1,2,9,8,7,38,3,7,8740,0,2,3,10,3,7,2,2,2,0
0,0,10,1,0,38,3,0,7351,2,3,4,2,2,7,2,2,2,0
0,1,18,8,7,43,3,1,10820,1,3,3,27,1,4,1,1,1,0
0,1,3,2,2,31,1,2,2791,1,4,3,20,4,8,2,1,1,0
0,0,6,5,3,28,1,4,3201,1,2,1,2,2,6,1,2,1,0
0,1,5,5,2,35,2,2,4968,0,3,4,11,4,7,2,1,2,0
0,1,22,9,8,49,4,3,13120,1,2,4,8,2,7,2,2,5,0
0,0,5,3,2,34,2,2,4033,2,3,4,2,3,4,1,1,1,0
0,2,8,7,5,29,1,1,3291,0,3,4,10,2,6,1,1,1,0
0,0,16,1,0,42,2,0,4272,2,1,2,29,4,2,1,2,3,0
1,1,10,10,7,29,2,2,5056,1,2,2,8,4,4,1,2,3,0
0,1,7,7,6,38,1,0,2844,1,4,3,1,3,1,0,2,0,0
1,1,3,3,1,28,1,2,2703,0,2,3,6,3,6,1,1,1,0
1,0,6,5,2,33,2,3,8224,2,3,1,9,1,7,2,2,2,1
1,1,6,1,0,41,1,0,4766,1,3,2,12,4,2,1,2,1,0
0,2,9,6,2,37,2,3,5731,0,2,3,25,4,0,1,2,3,0
0,0,6,5,4,35,1,4,4323,2,3,3,8,3,1,0,2,5,0
0,1,11,11,8,29,3,10,7336,1,2,4,23,1,7,2,2,1,1
0,0,9,6,4,42,2,5,5155,2,3,2,4,1,7,2,2,2,0
0,1,10,8,0,35,1,7,2258,1,2,4,1,3,2,1,2,3,0
1,0,1,1,1,28,1,0,2515,1,3,3,12,4,2,1,2,1,1
0,1,10,10,3,30,2,4,6578,1,2,3,10,3,7,2,2,2,0
1,1,16,1,1,40,2,0,4422,1,2,3,26,4,6,1,1,3,0
0,1,15,7,7,35,3,4,10274,0,2,3,2,2,4,1,2,1,0
0,1,2,2,2,35,1,2,2376,1,2,4,4,4,2,1,1,4,0
0,0,7,4,3,43,2,3,5346,2,1,1,9,3,7,2,2,2,1
1,1,7,3,2,45,1,2,4477,1,3,1,7,3,6,1,2,3,0
0,1,14,14,8,37,2,11,6474,1,2,4,1,4,4,1,2,1,0
0,0,2,2,2,20,1,2,3033,2,2,1,3,3,2,1,2,1,0
1,0,6,6,4,44,1,2,2936,2,3,3,10,3,6,1,2,1,1
1,1,6,5,4,29,1,3,2168,1,1,2,15,4,6,1,2,1,0
0,0,6,0,0,44,1,0,2290,2,1,4,17,3,6,1,0,1,0
0,1,5,5,4,33,1,4,3600,1,3,2,2,3,1,0,2,0,0
0,1,5,1,0,41,1,0,2107,0,2,1,5,1,6,1,0,1,1
0,1,1,1,0,24,1,0,2210,1,3,4,17,2,2,1,2,1,1
0,1,10,10,7,33,2,1,4539,1,3,2,25,3,7,2,1,3,0
0,1,7,7,7,36,1,7,2741,0,1,3,6,3,2,1,2,1,0
0,0,2,2,1,20,1,2,2678,2,4,3,21,4,8,2,2,2,0
0,1,12,6,3,46,2,4,7379,0,3,4,2,4,4,1,2,5,0
0,1,10,4,3,42,2,3,6272,1,4,4,2,1,1,0,0,3,0
1,1,12,11,7,60,2,9,5220,0,4,2,7,4,7,2,2,2,0
1,0,10,8,7,32,2,7,4998,2,3,4,2,3,6,1,1,1,0
0,1,7,5,1,40,2,3,6852,0,2,2,10,2,7,2,2,5,0
0,0,5,4,3,25,2,1,4950,2,3,3,10,4,7,2,2,1,0
1,2,9,9,7,27,1,8,2235,1,3,1,14,1,6,1,2,1,0
1,0,6,6,5,31,2,1,6833,1,3,3,11,1,0,1,2,3,0
0,0,10,10,9,31,2,8,6812,2,2,3,24,1,0,1,2,3,0
0,0,13,6,1,59,2,5,5171,2,2,3,3,4,7,2,2,1,0
0,0,12,11,10,36,1,7,3692,1,3,3,3,2,6,1,1,5,0
0,0,7,1,0,48,1,0,2559,2,4,4,2,2,2,1,2,5,0
1,2,6,6,0,29,2,0,6623,0,3,3,7,4,0,1,2,1,0
0,2,9,7,7,29,4,7,16124,0,2,4,1,4,5,1,2,1,0
1,2,10,9,8,33,3,8,8380,0,4,4,10,3,7,2,2,2,0
1,0,1,1,0,19,1,1,2994,2,4,2,25,4,6,1,2,1,0
1,0,1,1,0,25,1,0,1118,2,1,3,24,4,8,2,1,1,1
1,0,4,3,2,34,2,2,4538,2,3,3,2,1,7,2,2,2,0
0,2,15,11,8,34,2,10,4444,0,3,3,19,2,2,1,1,3,0
1,0,5,4,2,28,1,2,2154,2,3,4,1,3,2,1,1,3,0
1,0,4,3,2,35,1,2,3506,1,3,3,6,3,6,1,2,1,0
1,0,18,1,0,42,2,0,2372,1,4,2,7,2,6,1,2,3,0
0,1,10,10,7,44,3,5,7978,1,3,1,15,4,0,1,2,3,1
1,1,2,2,2,28,1,2,3867,1,2,4,2,4,2,1,1,1,0
1,0,10,8,4,30,2,7,4695,2,3,3,9,3,4,1,0,3,0
1,2,10,7,7,29,1,7,3339,0,3,2,7,3,2,1,2,5,1
0,0,5,3,2,28,1,2,2080,2,3,4,1,1,6,1,2,5,0
0,0,2,2,2,25,1,1,2096,2,3,4,1,2,6,1,2,3,0
0,2,10,10,7,32,2,8,6209,1,4,3,8,4,7,2,2,3,0
0,2,2,2,2,58,1,2,2372,0,3,1,23,3,6,1,2,1,0
0,1,10,10,4,32,2,1,4883,1,3,4,7,3,2,1,2,1,1
0,0,6,5,2,39,1,3,3904,2,3,3,23,1,6,1,2,3,1
0,0,10,7,6,46,1,7,3423,2,3,4,1,1,1,0,2,1,0
1,0,9,5,4,40,3,0,9094,2,2,4,25,2,7,2,2,2,1
1,0,3,3,2,31,1,2,2302,2,3,4,1,2,8,2,1,1,1
0,0,10,3,2,44,1,2,2362,1,3,1,3,1,2,1,2,1,1
0,1,10,9,3,41,2,7,4103,0,3,3,1,1,7,2,1,2,0
1,0,9,9,6,35,2,1,4249,2,3,3,4,3,6,1,1,1,0
0,1,11,7,7,38,2,7,6893,0,3,2,2,1,7,2,2,1,0
0,1,17,15,7,36,2,13,4639,1,4,1,7,1,7,2,1,2,0
0,0,11,10,9,48,3,8,7898,2,3,4,4,4,4,1,2,1,0
0,1,5,1,0,27,1,0,2534,1,4,3,11,4,8,2,2,3,0
0,2,10,8,7,34,2,7,5429,1,3,2,29,3,2,1,2,3,0
0,0,3,1,0,31,1,0,2785,2,2,3,2,4,8,2,1,1,1
0,0,14,14,11,34,2,11,6687,2,3,3,2,4,0,1,2,5,0
1,2,10,10,2,31,2,7,6179,1,3,4,22,3,4,1,2,3,1
1,2,8,5,4,39,2,4,6120,1,2,1,21,4,7,2,2,1,0
1,2,12,6,2,41,2,3,5467,0,3,4,22,4,6,1,1,1,0
1,0,8,6,4,37,1,3,2996,1,3,3,4,3,6,1,2,1,0
0,0,8,5,4,33,2,2,9998,1,3,2,5,4,7,2,1,1,0
0,0,6,3,2,25,2,2,6232,1,4,1,18,3,7,2,2,1,0
1,1,24,5,3,52,4,2,13247,1,4,4,28,3,4,1,1,3,0
1,0,6,6,2,27,2,4,5769,1,2,4,10,4,7,2,2,2,0
1,0,8,8,2,27,1,7,2394,2,3,4,17,3,6,1,2,1,1
0,0,5,4,3,26,1,1,3904,2,2,1,2,4,6,1,2,3,0
0,0,10,2,2,35,3,2,9362,2,3,3,18,4,4,1,1,1,0
0,1,7,3,2,25,1,2,3229,1,3,1,1,4,2,1,2,5,0
0,0,8,7,7,26,1,7,3578,2,4,3,7,1,2,1,2,4,0
0,0,10,10,9,29,3,9,7988,2,2,2,17,1,1,0,2,4,0
1,0,9,8,7,29,3,7,7553,2,3,3,14,4,0,1,1,4,1
1,0,15,5,4,36,2,1,9278,2,3,1,3,2,7,2,2,2,0
0,0,1,1,0,31,1,0,1359,2,1,2,1,3,8,2,1,1,1
0,2,8,3,2,30,2,2,4779,0,3,4,7,1,7,2,2,2,0
0,0,9,3,2,31,4,0,16422,2,3,1,8,2,5,1,2,1,0
0,2,10,4,3,34,1,3,2996,0,3,4,1,1,6,1,1,4,0
0,0,1,1,0,31,1,0,1261,2,2,1,8,2,6,1,2,1,1
0,0,6,5,0,27,1,4,2099,1,3,2,11,1,2,1,2,1,0
0,0,10,10,4,36,2,8,5810,2,2,1,4,4,2,1,2,1,0
0,2,11,3,2,36,2,2,5647,1,2,3,16,1,7,2,2,2,0
0,1,17,6,5,47,1,2,3420,1,3,1,1,4,6,1,2,5,0
0,0,6,3,2,25,1,2,4400,1,2,1,9,1,8,2,2,1,1
0,0,7,6,5,37,1,3,3500,2,4,3,5,3,2,1,0,5,0
1,2,5,5,4,24,2,3,4162,1,3,4,4,3,7,2,2,3,0
0,1,7,4,3,32,2,3,9204,1,3,4,7,4,7,2,2,2,0
0,1,7,5,4,34,1,2,3294,1,2,4,1,2,2,1,2,1,0
0,2,11,8,7,40,2,7,3975,0,3,3,9,3,2,1,0,4,0
0,1,28,7,7,46,3,3,10096,0,3,1,9,4,7,2,2,2,1
0,0,10,10,8,31,3,7,7446,2,4,3,1,2,4,1,1,1,1
1,1,24,7,7,45,3,7,10851,0,1,2,20,1,0,1,2,3,0
1,1,7,2,2,31,1,2,3722,1,3,2,2,4,2,1,1,1,1
1,2,10,3,1,45,3,2,9380,1,3,2,29,4,4,1,2,5,0
0,0,6,5,4,28,2,3,8463,2,3,4,5,1,7,2,2,3,0
0,1,8,3,1,40,1,2,2345,0,3,3,2,3,6,1,2,3,0
0,0,6,5,2,44,1,3,3420,2,3,4,20,2,6,1,2,1,0
0,2,5,4,3,33,2,3,4373,1,3,4,7,1,7,2,1,3,0
0,0,15,13,9,34,2,12,4759,2,1,4,3,1,7,2,2,4,0
0,2,4,2,1,30,2,2,5301,1,3,4,16,3,7,2,2,1,0
0,0,12,12,9,42,1,8,3673,2,3,1,9,4,2,1,1,3,0
0,1,11,1,0,44,2,0,4768,1,3,1,1,3,7,2,1,2,0
0,2,1,1,0,30,1,0,1274,0,3,3,7,3,6,1,0,5,0
0,1,5,3,2,28,1,2,2909,1,3,1,1,3,8,2,1,5,1
0,0,7,5,3,29,2,0,5765,2,3,1,13,2,7,2,1,5,1
0,1,1,1,0,35,1,0,2404,1,3,4,7,3,8,2,2,1,0
1,0,4,0,0,24,1,0,3172,2,3,2,9,1,2,1,1,3,1
0,1,1,1,0,24,1,0,2033,1,3,4,13,2,8,2,0,1,0
1,0,16,2,2,44,3,2,10209,2,3,2,2,3,4,1,1,3,0
0,2,10,10,7,29,2,4,8620,0,2,3,19,3,7,2,2,1,0
1,0,4,3,2,55,2,2,4035,1,3,4,4,3,0,1,2,1,0
1,1,11,5,4,47,2,2,4591,1,3,3,14,3,7,2,2,3,0
0,0,8,0,0,28,1,0,2561,2,2,3,2,1,2,1,1,3,1
0,1,1,1,0,28,1,0,1563,0,2,1,1,3,6,1,2,1,0
0,2,8,8,6,28,2,7,6549,1,1,3,29,2,4,1,2,1,0
0,0,11,9,7,29,1,7,2362,2,2,1,1,1,6,1,2,5,1
0,0,9,2,0,39,3,2,8376,2,3,2,6,2,4,1,2,1,0
0,0,11,11,8,35,3,3,8606,2,2,4,16,2,0,1,2,1,0
0,0,5,4,3,23,2,2,2272,2,3,1,20,3,2,1,2,1,0
0,0,15,5,4,40,1,0,2018,2,3,4,9,1,2,1,2,1,1
0,0,7,7,2,31,1,7,4084,2,3,4,3,3,6,1,1,1,1
0,1,4,1,0,42,1,0,4841,1,2,3,2,2,2,1,2,3,0
0,0,10,10,8,37,2,7,4285,1,3,1,13,4,6,1,2,3,0
0,1,9,7,7,29,2,7,9715,1,1,3,8,1,0,1,2,4,0
0,0,5,5,3,33,2,2,4320,2,2,4,25,2,4,1,2,1,0
1,1,15,15,14,33,2,7,5207,1,3,2,28,3,2,1,2,1,0
1,0,8,2,2,40,2,2,4069,0,3,4,8,4,0,1,0,1,0
0,1,12,7,1,32,2,5,5878,1,2,4,5,2,6,1,2,1,0
0,1,18,8,7,48,2,7,6439,0,3,3,16,3,7,2,2,1,0
0,2,5,1,0,29,1,0,2451,1,4,3,9,3,6,1,2,1,0
0,1,10,10,8,30,2,7,9714,1,2,2,1,1,7,2,2,1,1
0,0,10,6,3,38,2,2,6077,1,3,3,10,3,1,0,1,0,0
0,0,3,3,0,35,1,2,2450,2,2,4,1,1,2,1,2,3,0
0,1,9,4,2,30,3,3,9250,1,3,3,29,2,7,2,2,5,0
1,1,1,1,0,35,1,0,2074,0,3,1,2,1,2,1,2,1,1
0,2,7,5,2,38,2,4,4855,1,3,3,2,2,4,1,2,3,1
0,1,9,6,5,32,2,2,4087,1,3,4,1,1,6,1,0,5,0
0,1,10,8,2,48,1,6,2367,1,3,3,15,1,6,1,2,4,0
0,0,1,1,0,34,1,0,2972,2,3,1,7,4,6,1,2,3,0
0,1,10,9,8,38,2,7,9924,1,3,3,14,2,7,2,2,1,0
1,0,10,10,9,29,1,5,4723,2,3,2,3,1,2,1,2,3,0
1,0,10,5,2,35,2,4,6142,2,3,1,10,3,0,1,2,3,0
0,1,11,7,6,39,3,6,8237,1,4,4,6,3,7,2,2,3,0
0,1,4,2,2,23,1,2,2073,1,4,4,10,3,6,1,2,5,0
1,1,9,3,2,36,2,2,5562,1,4,1,6,1,2,1,1,1,0
0,2,10,10,9,35,2,8,3407,1,4,2,28,3,2,1,2,1,0
0,1,8,8,2,34,2,7,5063,1,2,4,10,3,0,1,1,5,0
0,1,5,5,4,40,2,2,4639,1,3,4,14,1,7,2,2,1,0
1,0,4,4,2,22,1,3,2814,1,2,2,26,3,6,1,0,4,0
0,2,6,3,2,32,1,2,3312,1,4,2,5,4,6,1,2,4,0
0,1,6,6,4,30,1,1,2141,1,2,2,7,2,6,1,2,3,0
1,0,10,10,7,45,2,4,5769,2,1,3,5,1,2,1,2,3,0
0,1,10,10,7,45,2,5,4385,1,2,1,26,1,7,2,0,2,0
0,0,10,5,2,31,2,3,5332,2,3,4,2,1,7,2,1,4,0
0,1,9,9,7,34,2,2,4724,0,4,3,10,4,4,1,1,1,0
0,1,10,9,6,49,1,4,3211,1,3,3,25,1,2,1,2,1,0
0,2,7,7,7,27,1,7,4066,0,2,4,19,1,2,1,2,4,0
0,0,3,2,2,21,1,2,3117,2,3,3,5,4,6,1,2,3,0
1,0,0,0,0,18,1,0,1569,2,3,2,3,4,8,2,1,3,1
0,1,11,10,8,39,2,7,3069,0,2,3,3,3,2,1,2,3,0
0,0,10,9,2,39,2,8,5042,2,3,1,4,3,4,1,1,3,0
0,2,10,10,7,45,2,9,5770,0,2,4,2,4,4,1,2,4,0
0,1,8,8,4,37,1,7,3936,1,3,2,10,2,6,1,2,3,0
1,0,18,4,2,40,3,3,7945,2,3,3,16,4,4,1,2,1,0
1,0,14,10,7,44,2,2,5743,1,3,1,1,4,1,0,1,0,0
1,2,7,2,2,35,2,2,5440,0,1,1,15,4,7,2,2,3,1
1,0,6,6,3,24,1,3,3760,2,3,1,2,4,6,1,1,5,0
1,0,10,4,2,40,1,3,2166,2,3,1,7,1,2,1,2,1,1
0,2,27,4,2,49,4,2,16413,1,3,1,22,2,5,1,2,4,0
0,0,2,2,2,20,1,2,2783,2,3,3,2,3,8,2,2,3,0
0,1,11,11,8,34,2,9,5433,0,3,4,3,2,6,1,2,1,0
0,0,15,4,3,36,1,3,2013,2,3,1,7,2,2,1,2,1,0
0,2,19,13,11,38,2,9,4735,1,3,4,1,4,6,1,1,1,0
1,1,10,10,0,29,2,9,4187,0,2,1,5,2,7,2,2,3,0
0,2,10,9,5,32,2,6,5470,0,3,4,2,2,6,1,2,3,0
0,2,10,10,0,31,2,2,5476,1,3,1,5,4,7,2,2,1,0
1,1,17,2,2,49,1,2,2587,0,3,4,16,1,2,1,2,3,0
0,0,23,8,7,49,4,0,15379,2,3,3,1,3,3,1,2,1,0
1,0,21,2,0,41,3,2,7082,2,3,4,23,3,7,2,2,1,0
0,0,2,2,2,20,1,2,2728,2,3,4,9,1,8,2,2,1,0
0,2,10,3,2,36,2,2,5347,1,3,1,26,3,0,1,2,1,0
1,0,5,5,4,23,1,2,3989,2,2,4,8,3,2,1,2,3,1
0,0,11,4,3,53,3,2,7005,1,4,2,24,4,0,1,2,3,0
1,2,19,9,7,48,1,7,2655,1,3,4,7,3,8,2,1,3,1
0,0,1,1,0,32,1,0,1393,2,3,4,2,2,2,1,2,1,1
0,1,8,4,2,55,1,2,3537,0,2,1,22,2,6,1,2,5,0
0,1,15,15,10,34,2,13,3986,1,2,2,5,4,2,1,2,3,0
0,2,6,6,3,37,2,3,9525,0,1,3,1,4,7,2,1,3,0
1,1,9,8,7,44,3,7,7879,1,4,3,2,4,0,1,2,1,0
1,0,6,5,4,35,1,4,4930,2,2,1,2,4,6,1,1,3,0
0,1,5,5,3,24,1,4,4401,1,4,3,9,3,6,1,2,3,0
0,0,17,13,7,36,2,7,4502,2,3,3,2,4,8,2,2,1,0
0,1,1,1,0,24,1,0,1555,1,1,4,22,3,1,0,2,0,1
0,1,10,5,2,32,1,3,3433,1,3,1,10,3,6,1,1,1,0
0,1,6,5,2,31,1,3,3477,1,3,2,2,3,2,1,2,1,0
0,1,10,3,2,41,2,2,6430,1,1,3,4,2,1,0,0,0,0
1,1,18,1,0,40,2,0,6516,1,3,2,8,1,4,1,2,1,0
0,0,19,10,7,46,2,9,5562,2,3,3,13,2,0,1,2,1,0
0,1,17,7,7,35,2,7,6883,1,3,4,27,3,4,1,2,1,0
0,1,10,10,0,30,1,8,2862,1,3,2,16,4,6,1,2,1,0
0,1,4,1,0,47,2,0,4978,1,3,3,2,2,7,2,0,2,0
0,0,10,0,0,32,2,0,6735,2,1,1,1,2,7,2,2,1,1
0,0,3,3,2,23,1,2,3295,2,3,3,4,2,2,1,2,3,0
1,1,9,9,8,39,2,8,6472,1,3,4,1,4,2,1,0,1,0
0,1,10,4,3,32,3,2,9610,1,1,4,19,3,7,2,2,1,0
0,0,10,9,7,30,1,7,4968,2,2,4,2,1,6,1,1,5,0
0,1,3,2,2,24,1,1,2145,1,3,1,10,4,1,0,1,3,0
0,1,6,5,2,31,2,2,8346,1,3,1,5,3,7,2,2,5,0
0,0,2,2,2,29,1,2,2760,2,1,2,9,2,8,2,2,2,1
0,1,12,7,7,30,3,7,7140,0,2,3,15,1,7,2,2,2,0
0,0,13,11,7,33,2,7,5147,2,3,4,2,2,7,2,0,2,0
0,0,8,5,1,49,2,4,4507,2,3,4,11,4,7,2,2,2,0
0,1,9,6,1,38,1,5,2468,1,2,3,2,2,2,1,1,3,0
0,1,1,1,0,29,1,0,2109,0,2,4,4,1,6,1,2,5,0
0,1,10,7,0,30,2,7,5294,1,4,3,16,3,0,1,2,1,0
0,0,12,7,7,32,1,7,2718,2,3,2,5,2,6,1,0,5,0
1,1,15,1,0,38,2,0,5811,1,1,2,18,4,0,1,2,3,0
0,2,11,9,8,33,2,7,3055,0,3,4,4,2,6,1,0,5,0
1,1,15,15,14,34,2,7,4001,0,3,4,10,3,7,2,0,1,0
0,0,6,2,2,34,2,2,6029,2,1,4,3,4,7,2,2,1,0
0,0,1,1,0,21,1,0,2679,2,3,2,7,2,8,2,2,2,1
0,1,5,5,4,38,1,4,3702,1,2,4,6,3,2,1,2,4,0
0,2,13,12,7,31,2,7,5468,1,2,1,29,4,7,2,2,2,0
0,0,15,2,2,51,3,2,13116,1,3,1,3,3,3,1,2,5,0
0,2,5,5,2,37,2,3,4189,1,2,2,9,2,7,2,2,2,0
1,1,15,12,8,36,3,7,8321,1,3,4,10,1,0,1,2,1,0
0,0,19,10,0,37,2,7,4071,0,3,3,8,2,1,0,2,4,0
1,0,10,10,7,35,2,7,5813,2,3,3,27,4,7,2,2,1,1
0,1,14,10,8,33,1,6,3143,1,4,4,8,1,6,1,2,1,0
0,0,6,2,2,46,2,2,7991,2,2,2,26,2,7,2,0,1,0
0,2,10,0,0,42,2,0,5538,1,4,2,13,1,0,1,2,3,0
0,1,11,7,1,34,2,7,5346,1,3,4,9,1,2,1,1,1,1
0,0,10,10,3,37,2,8,4213,2,3,4,10,1,4,1,2,3,1
0,0,7,3,2,43,1,2,2438,2,3,1,9,3,6,1,0,1,0
0,0,11,3,2,41,2,2,6870,2,4,2,5,2,0,1,2,1,0
1,0,6,5,1,26,1,4,2148,1,3,4,20,2,1,0,2,3,1
0,1,12,5,3,40,2,3,6513,0,3,3,1,4,0,1,2,1,0
0,1,6,5,4,35,1,3,2705,1,1,2,23,3,2,1,2,3,0
0,1,15,7,4,40,2,7,4448,0,3,2,12,1,0,1,2,1,0
0,1,14,7,1,54,2,7,6854,1,3,4,7,4,6,1,2,3,0
0,2,9,3,2,31,3,2,9637,1,3,1,7,1,7,2,1,2,0
0,0,5,5,3,26,2,2,4684,2,3,3,10,4,7,2,2,3,0
1,0,23,2,2,58,4,2,15787,1,3,1,15,3,5,1,1,1,0
0,0,0,0,0,18,1,0,1514,2,3,2,14,3,6,1,0,3,0
0,0,2,1,0,31,1,0,2956,1,4,4,18,1,1,0,2,0,1
1,0,6,5,4,27,1,2,2379,2,3,4,5,4,2,1,1,1,0
0,0,11,11,8,29,1,10,3812,1,3,4,20,4,2,1,1,3,0
0,0,4,0,0,32,2,0,4648,2,3,4,10,4,7,2,1,2,0
0,0,7,2,2,47,1,0,2105,2,3,2,9,3,2,1,2,1,0
0,1,12,9,8,46,3,7,8578,0,3,4,2,4,4,1,2,1,0
0,1,3,3,2,28,1,2,2706,0,3,3,1,4,1,0,0,1,0
0,2,11,7,0,29,2,6,6384,0,1,4,29,3,0,1,2,1,0
0,0,8,0,0,42,1,0,3968,2,3,4,8,3,2,1,2,1,0
1,0,7,2,2,32,2,2,9907,2,2,3,2,2,7,2,2,2,1
0,0,1,1,0,29,1,0,2804,1,2,4,6,2,1,0,2,3,0
0,1,8,7,6,27,1,3,4774,1,2,4,15,1,6,1,1,1,0
0,1,1,1,0,28,1,0,2856,1,3,2,3,2,8,2,2,3,0
0,0,1,1,0,30,1,0,1081,2,3,2,9,4,8,2,2,3,1
1,1,10,10,9,36,2,7,5673,1,2,2,10,3,7,2,2,5,0
0,1,10,10,8,31,2,2,4197,0,3,2,20,3,2,1,2,1,0
0,0,11,3,2,29,1,2,2062,2,3,4,7,1,2,1,2,1,0
1,0,4,3,2,35,2,2,4788,1,2,4,16,2,4,1,2,4,0
0,2,10,9,8,45,2,8,5906,1,2,2,25,4,4,1,2,1,0
1,1,1,1,0,26,1,0,2933,1,2,2,1,3,6,1,2,1,0
0,0,5,4,2,56,1,0,2587,2,3,1,24,4,2,1,2,1,1
0,2,12,4,2,36,2,3,5507,1,2,3,17,2,7,2,2,2,0
1,1,8,5,2,31,2,4,6583,0,3,3,10,4,7,2,2,3,0
1,0,9,4,2,34,2,1,8103,1,2,4,3,4,7,2,2,3,0
0,1,8,7,7,26,1,7,2544,1,4,3,6,4,2,1,1,4,0
0,0,12,4,2,45,2,3,5399,2,3,2,1,3,0,1,1,3,0
0,0,10,10,4,33,2,9,5487,2,3,2,10,3,7,2,2,2,0
1,1,7,7,7,28,2,7,6834,1,2,3,1,4,7,2,1,1,0
0,0,1,1,0,29,1,0,1091,2,4,3,24,1,8,2,1,5,1
0,1,10,3,2,39,2,2,5736,1,1,1,21,3,7,2,0,1,0
0,1,6,5,3,27,1,2,2226,1,3,2,2,2,6,1,2,5,0
1,0,16,15,10,34,2,11,5747,1,2,3,22,4,6,1,1,4,0
0,1,16,8,7,47,2,7,5467,1,3,3,14,2,6,1,0,5,0
0,1,6,0,0,56,2,0,5380,1,2,4,11,1,7,2,2,2,0
1,0,8,4,1,32,1,3,2432,2,4,1,5,3,6,1,1,1,1
1,2,14,0,0,42,2,0,5087,0,3,2,12,4,7,2,2,2,0
0,0,1,1,0,27,1,0,2863,1,2,1,22,2,1,0,1,0,1
0,1,6,5,3,35,2,4,5561,1,3,2,18,1,7,2,2,3,0
0,0,5,5,3,28,1,4,2144,2,3,3,16,3,6,1,0,3,0
1,1,4,4,2,31,1,3,3065,0,3,3,3,1,6,1,0,3,0
0,1,9,8,7,34,3,1,8628,0,3,4,13,3,7,2,2,3,0
0,1,6,4,1,28,1,3,2367,0,2,3,17,4,2,1,2,5,1
0,0,20,1,0,38,1,0,2858,2,2,1,1,1,8,2,2,1,0
1,0,10,10,8,35,2,9,5204,1,3,3,7,4,7,2,2,1,0
1,0,10,10,7,31,2,8,5617,1,3,1,26,4,7,2,1,2,1
1,0,15,2,2,53,3,2,10448,2,3,1,24,1,7,2,2,1,1
0,1,10,10,9,43,3,9,7510,1,3,1,11,3,0,1,2,1,0
1,1,7,6,2,38,1,2,2991,1,3,4,1,2,1,0,1,4,0
1,0,9,5,2,54,2,4,4440,2,3,3,10,1,4,1,2,3,0
0,0,4,4,3,24,2,2,4617,2,2,2,1,3,0,1,2,1,0
0,1,15,11,8,40,2,10,5677,1,3,2,2,2,7,2,2,2,0
0,0,6,2,0,25,1,2,2187,1,3,3,2,2,1,0,2,0,0
1,1,7,2,2,25,1,2,3977,0,3,4,2,3,2,1,2,4,0
0,2,16,15,13,38,2,8,4440,1,3,4,1,2,7,2,2,1,0
0,1,3,2,2,31,1,2,3067,1,3,1,2,3,8,2,2,1,0
0,1,10,8,3,38,2,7,5321,1,2,1,6,3,4,1,1,1,0
1,1,9,4,3,42,2,2,5410,0,3,4,18,1,6,1,2,1,0
0,2,14,13,8,47,3,12,11957,1,3,3,1,2,5,1,0,3,0
1,1,5,2,2,35,1,2,2660,1,3,4,11,3,2,1,2,3,0
0,0,4,3,2,22,1,2,3375,2,3,4,1,3,6,1,2,1,0
0,0,6,6,2,32,1,1,2837,2,2,3,29,2,2,1,2,1,0
0,2,8,1,0,40,1,0,2406,1,3,1,1,4,2,1,2,1,0
0,1,3,2,2,32,1,2,2269,1,2,2,1,2,8,2,2,3,0
0,0,18,7,7,39,2,7,4108,2,3,1,24,4,6,1,2,1,0
0,2,14,14,10,32,3,7,10422,1,3,3,1,4,7,2,2,2,0
0,2,16,9,8,52,1,0,3482,0,3,1,29,4,8,2,0,1,0
1,0,6,4,3,44,1,2,2436,2,3,2,1,4,6,1,2,3,0
0,1,1,1,0,23,1,0,1790,1,3,4,9,1,8,2,1,2,1
0,2,10,9,7,36,3,4,7644,1,2,1,3,4,7,2,2,3,0
0,0,4,4,2,32,1,2,2439,2,3,4,2,1,6,1,2,5,0
1,0,9,9,0,35,3,7,8837,2,3,3,26,4,1,0,2,1,0
0,1,10,10,7,38,2,9,5343,1,3,1,10,4,7,2,2,1,0
0,2,12,6,3,50,2,1,6728,0,3,2,1,3,7,2,1,1,1
0,1,8,6,3,36,2,0,6652,1,2,2,11,4,7,2,2,2,0
0,0,8,5,3,45,2,1,4850,2,3,4,20,3,7,2,2,1,0
0,0,8,2,2,40,1,2,2809,2,2,3,2,3,6,1,2,1,0
1,2,10,10,2,35,2,2,5689,1,3,3,18,3,0,1,1,1,0
1,1,10,4,3,29,2,3,4025,1,2,4,13,2,2,1,2,4,0
0,0,5,5,4,29,1,4,3785,2,2,4,28,1,6,1,2,3,0
1,1,20,3,2,50,3,0,10854,0,2,4,28,1,7,2,2,2,1
0,0,10,9,4,31,2,7,9936,2,3,2,5,1,4,1,0,3,0
0,0,5,4,2,26,1,0,2966,2,2,4,5,3,8,2,2,4,0
0,1,17,5,2,36,2,3,2571,1,4,3,23,4,2,1,1,3,0
0,0,17,9,6,49,2,8,5390,1,2,4,2,2,7,2,1,3,0
0,0,6,4,3,34,2,2,4404,1,4,2,8,3,2,1,2,3,0
